,Date,Adj Close,daily_return
0,2017-01-03,99.67842864990234,
1,2017-01-04,100.65431213378906,0.009790317695659967
2,2017-01-05,101.0028305053711,0.003462527975143015
3,2017-01-06,102.10939025878906,0.010955730130346453
4,2017-01-09,101.36004638671876,-0.007338638201355829
5,2017-01-10,101.33393096923828,-0.0002576500150842653
6,2017-01-11,100.9853973388672,-0.0034394563305442105
7,2017-01-12,101.44720458984376,0.004573010189056426
8,2017-01-13,101.8305892944336,0.0037791549421186676
9,2017-01-17,100.80243682861328,-0.010096695628928454
10,2017-01-18,102.16168212890624,0.013484250411564647
11,2017-01-19,101.38619232177734,-0.007590808911607239
12,2017-01-20,101.64759826660156,0.0025783189883941127
13,2017-01-23,101.28165435791016,-0.003600123514296949
14,2017-01-24,102.32722473144533,0.010323393512514434
15,2017-01-25,104.68848419189452,0.023075574136269594
16,2017-01-26,105.2025909423828,0.004910824284607207
17,2017-01-27,104.8279037475586,-0.003561577632906543
18,2017-01-30,104.941162109375,0.001080421889281924
19,2017-01-31,105.49880981445312,0.005313908230756059
20,2017-02-01,105.34197235107422,-0.0014866277985007281
21,2017-02-02,105.6556396484375,0.002977609877266474
22,2017-02-03,104.51422882080078,-0.010803122591796277
23,2017-02-06,104.39225006103516,-0.0011671019452745846
24,2017-02-07,103.45122528076172,-0.009014316481570694
25,2017-02-08,101.56917572021484,-0.018192627061101363
26,2017-02-09,103.32052612304688,0.01724293212397776
27,2017-02-10,103.66905975341795,0.0033733241926778845
28,2017-02-13,105.76021575927734,0.02017145723934699
29,2017-02-14,105.43781280517578,-0.0030484332107962864
30,2017-02-15,106.39627838134766,0.009090340084566106
31,2017-02-16,106.15230560302734,-0.0022930574455420905
32,2017-02-17,106.84063720703124,0.0064843773302296626
33,2017-02-21,105.47266387939452,-0.012803867174490113
34,2017-02-22,106.74479675292967,0.012061256696709766
35,2017-02-23,106.75350189208984,8.155094604123114e-05
36,2017-02-24,106.84063720703124,0.0008162291015940681
37,2017-02-27,107.02362060546876,0.0017126760305907762
38,2017-02-28,105.82990264892578,-0.011153780350447118
39,2017-03-01,110.65699768066406,0.045611825305664544
40,2017-03-02,108.2521743774414,-0.021732229805859538
41,2017-03-03,108.0866241455078,-0.0015293016781019464
42,2017-03-06,108.0866241455078,0.0
43,2017-03-07,107.65969848632812,-0.0039498472873473744
44,2017-03-08,107.9224624633789,0.002440690255919309
45,2017-03-09,108.4568328857422,0.004951429110919614
46,2017-03-10,108.3867645263672,-0.0006460483633042857
47,2017-03-13,109.350341796875,0.008890174688011676
48,2017-03-14,109.01747131347656,-0.0030440735522964113
49,2017-03-15,109.2715072631836,0.00233023153670997
50,2017-03-16,109.2715072631836,0.0
51,2017-03-17,109.14010620117188,-0.0012025189850748408
52,2017-03-20,108.56195068359376,-0.005297369937614205
53,2017-03-21,105.36455535888672,-0.0294522648549852
54,2017-03-22,104.5323715209961,-0.007898138373536367
55,2017-03-23,104.40974426269533,-0.00117310318819408
56,2017-03-24,105.01417541503906,0.00578903010070575
57,2017-03-27,103.57752990722656,-0.013680491249248639
58,2017-03-28,104.08560943603516,0.0049053064816633185
59,2017-03-29,103.80531311035156,-0.0026929402364296307
60,2017-03-30,104.11187744140624,0.002953262428184056
61,2017-03-31,104.0680923461914,-0.0004205581177755269
62,2017-04-03,102.92930603027344,-0.010942703860946201
63,2017-04-04,102.7278289794922,-0.0019574313531461884
64,2017-04-05,102.9730987548828,0.0023875689560184377
65,2017-04-06,103.20083618164062,0.0022116206029687557
66,2017-04-07,103.35852813720705,0.001528010444497463
67,2017-04-10,102.57015228271484,-0.007627583990414855
68,2017-04-11,102.5526123046875,-0.00017100469909603344
69,2017-04-12,102.1584243774414,-0.0038437629075205315
70,2017-04-13,101.50142669677734,-0.006431164974086467
71,2017-04-17,102.87674713134766,0.013549764563200783
72,2017-04-18,102.5789031982422,-0.002895153097377645
73,2017-04-19,102.6402359008789,0.0005979075689488411
74,2017-04-20,104.33966064453124,0.01655710091404594
75,2017-04-21,104.04182434082033,-0.00285448794706733
76,2017-04-24,104.90904998779295,0.00833535602116875
77,2017-04-25,105.06676483154295,0.0015033483171218442
78,2017-04-26,105.1543426513672,0.0008335444606546449
79,2017-04-27,100.84444427490234,-0.040986404058975134
80,2017-04-28,101.78175354003906,0.009294604892477798
81,2017-05-01,102.17594909667967,0.0038729491576852126
82,2017-05-02,102.71906280517578,0.0053154750535491235
83,2017-05-03,103.39359283447266,0.006566746335840756
84,2017-05-04,103.92791748046876,0.005167869994144869
85,2017-05-05,104.0330581665039,0.0010116693241246644
86,2017-05-08,102.5789031982422,-0.013977816223900152
87,2017-05-09,103.05194091796876,0.004611452306254149
88,2017-05-10,102.53511810302734,-0.005015168179634988
89,2017-05-11,102.30735778808594,-0.002221290804118037
90,2017-05-12,101.76422882080078,-0.005308796737866772
91,2017-05-15,102.71028900146484,0.009296588709280185
92,2017-05-16,102.21099090576172,-0.004861227638995436
93,2017-05-17,100.84444427490234,-0.01336985992161377
94,2017-05-18,101.40508270263672,0.005559437922093791
95,2017-05-19,102.34239959716795,0.009243293033741162
96,2017-05-22,102.41246795654295,0.0006846464383363227
97,2017-05-23,103.54249572753906,0.011034083969889474
98,2017-05-24,103.16583251953124,-0.003637764430548196
99,2017-05-25,103.4285888671875,0.002546931878890435
100,2017-05-26,103.34976196289062,-0.0007621384489553407
101,2017-05-30,102.66651916503906,-0.006610976018473047
102,2017-05-31,102.74536895751952,0.0007680185626406377
103,2017-06-01,103.20964050292967,0.004518661523344347
104,2017-06-02,102.42999267578124,-0.00755402134286387
105,2017-06-05,103.53374481201172,0.010775673290577714
106,2017-06-06,102.68402099609376,-0.00820721608651187
107,2017-06-07,105.19473266601562,0.02445085073185216
108,2017-06-08,107.73190307617188,0.024118797071442266
109,2017-06-09,109.58190155029295,0.017172243516510033
110,2017-06-12,110.63905334472656,0.00964713861940436
111,2017-06-13,111.0619125366211,0.003821970444531919
112,2017-06-14,112.16309356689452,0.009915019515896795
113,2017-06-15,111.68737030029295,-0.004241352939483911
114,2017-06-16,111.1588134765625,-0.004732467263839468
115,2017-06-19,112.268798828125,0.009985581141494837
116,2017-06-20,111.0619125366211,-0.010749970642792372
117,2017-06-21,110.03117370605467,-0.009280758876059725
118,2017-06-22,109.29118347167967,-0.006725278023043346
119,2017-06-23,109.34405517578124,0.0004837691607142425
120,2017-06-26,108.93000030517578,-0.0037867158844604454
121,2017-06-27,109.78453063964844,0.007844765740187443
122,2017-06-28,111.6785659790039,0.01725229709796139
123,2017-06-29,110.15453338623048,-0.013646598874308191
124,2017-06-30,110.33070373535156,0.0015993018508224655
125,2017-07-03,111.26453399658205,0.008463920102154354
126,2017-07-05,110.95616912841795,-0.0027714569691503765
127,2017-07-06,108.9652099609375,-0.017943654536019205
128,2017-07-07,109.96951293945312,0.009216730540652973
129,2017-07-10,109.33523559570312,-0.005767756233486465
130,2017-07-11,108.49832916259766,-0.00765449883146696
131,2017-07-12,108.70094299316406,0.0018674373341065476
132,2017-07-13,108.70094299316406,0.0
133,2017-07-14,106.2166519165039,-0.022854365456759562
134,2017-07-17,106.2783203125,0.000580590659594149
135,2017-07-18,106.20783996582033,-0.0006631676758950267
136,2017-07-19,105.86426544189452,-0.0032349261978812383
137,2017-07-20,106.20783996582033,0.0032454249079392206
138,2017-07-21,106.59546661376952,0.003649699005967344
139,2017-07-24,106.0844955444336,-0.004793553474345624
140,2017-07-25,107.3795166015625,0.012207448887632033
141,2017-07-26,107.32666015625,-0.0004922395535512658
142,2017-07-27,106.91260528564452,-0.0038578939287097214
143,2017-07-28,106.84211730957033,-0.0006593046337788344
144,2017-07-31,108.02262115478516,0.011049049522243948
145,2017-08-01,109.05333709716795,0.009541667581884461
146,2017-08-02,109.3792953491211,0.0029889800773608144
147,2017-08-03,110.1104736328125,0.006684796070020482
148,2017-08-04,110.85047912597656,0.006720573154846088
149,2017-08-07,110.09283447265624,-0.006834834267692269
150,2017-08-08,109.90785217285156,-0.0016802392334681615
151,2017-08-09,111.16761779785156,0.011462016590213953
152,2017-08-10,109.40570831298828,-0.015849125129830166
153,2017-08-11,108.58641815185548,-0.00748855040350338
154,2017-08-14,109.83739471435548,0.011520561998375811
155,2017-08-15,110.92976379394533,0.009945329479369658
156,2017-08-16,111.19406127929688,0.0023825660157583695
157,2017-08-17,110.43643188476562,-0.006813577863913456
158,2017-08-18,110.46285247802734,0.00023923801965364255
159,2017-08-21,110.36595153808594,-0.0008772264862586532
160,2017-08-22,111.3261947631836,0.008700538632752997
161,2017-08-23,110.95616912841795,-0.003323796663963652
162,2017-08-24,110.92976379394533,-0.00023797986790685677
163,2017-08-25,111.96927642822266,0.009370908210065698
164,2017-08-28,111.81951904296876,-0.0013374864072636106
165,2017-08-29,111.33501434326172,-0.004332917042156659
166,2017-08-30,111.05307006835938,-0.0025323953705441715
167,2017-08-31,110.82404327392578,-0.002062318441918065
168,2017-09-01,111.22048950195312,0.003577258294460872
169,2017-09-05,110.52452087402344,-0.0062575576770633745
170,2017-09-06,113.13214111328124,0.023593137691408694
171,2017-09-07,111.34342193603516,-0.01581088415408849
172,2017-09-08,113.38008880615234,0.018291757471646797
173,2017-09-11,114.05306243896484,0.005935553939837579
174,2017-09-12,115.16880798339844,0.00978268816789285
175,2017-09-13,115.88606262207033,0.0062278550176126934
176,2017-09-14,116.99293518066406,0.009551386366482228
177,2017-09-15,116.25797271728516,-0.006282109789312984
178,2017-09-18,116.26683807373048,7.625590089110901e-05
179,2017-09-19,116.71843719482422,0.0038841610262709825
180,2017-09-20,118.48060607910156,0.015097605199562159
181,2017-09-21,118.48060607910156,0.0
182,2017-09-22,118.80824279785156,0.00276531940198943
183,2017-09-25,118.92334747314452,0.0009688273522301394
184,2017-09-26,117.85188293457033,-0.00900970718820504
185,2017-09-27,119.12700653076172,0.01081971339311849
186,2017-09-28,120.3047332763672,0.009886311927945313
187,2017-09-29,120.14534759521484,-0.0013248496282038946
188,2017-10-02,120.78289794921876,0.005306492234322002
189,2017-10-03,121.60643005371094,0.006818284032549249
190,2017-10-04,121.20794677734376,-0.0032768273535467296
191,2017-10-05,122.21743774414062,0.008328587305016066
192,2017-10-06,121.4913101196289,-0.005941276776165516
193,2017-10-09,122.1908721923828,0.005758124363504313
194,2017-10-10,121.51790618896484,-0.005507498157132473
195,2017-10-11,121.48246002197266,-0.00029169501107983997
196,2017-10-12,121.94293975830078,0.0037905038821639536
197,2017-10-13,121.58872985839844,-0.002904718392097272
198,2017-10-16,121.7747039794922,0.0015295342036252269
199,2017-10-17,120.59696197509766,-0.009671483205517695
200,2017-10-18,120.75634002685548,0.0013215760094416051
201,2017-10-19,119.49893951416016,-0.010412708040138385
202,2017-10-20,119.65831756591795,0.001333719381994225
203,2017-10-23,119.19784545898438,-0.0038482248146261
204,2017-10-24,118.71969604492188,-0.004011393093736992
205,2017-10-25,118.5248794555664,-0.0016409795160000629
206,2017-10-26,120.96002960205078,0.020545476676880225
207,2017-10-27,121.8012466430664,0.006954504258829708
208,2017-10-30,120.52610778808594,-0.010469013167962116
209,2017-10-31,121.4647445678711,0.007787829516866962
210,2017-11-01,120.55267333984376,-0.007508937933160431
211,2017-11-02,124.23638916015624,0.03055689864237099
212,2017-11-03,124.02386474609376,-0.001710645451780679
213,2017-11-06,122.34140014648438,-0.013565652086828583
214,2017-11-07,121.8012466430664,-0.004415132594291271
215,2017-11-08,121.84553527832033,0.0003636139733751431
216,2017-11-09,122.23513793945312,0.0031975128201691128
217,2017-11-10,122.0934600830078,-0.0011590599792631329
218,2017-11-13,124.10356903076172,0.016463690572675382
219,2017-11-14,124.14779663085938,0.00035637653649334133
220,2017-11-15,123.67853546142578,-0.003779859024231391
221,2017-11-16,124.0504379272461,0.003007008972355729
222,2017-11-17,123.51911163330078,-0.004283147265122356
223,2017-11-20,125.6531753540039,0.017277194536815088
224,2017-11-21,126.25535583496094,0.004792401618665787
225,2017-11-22,125.62659454345705,-0.004980076190397864
226,2017-11-24,125.61776733398438,-7.026545218991043e-05
227,2017-11-27,125.8037109375,0.0014802333098409282
228,2017-11-28,128.50454711914062,0.021468652725056936
229,2017-11-29,130.9042510986328,0.018674078336444744
230,2017-11-30,132.41844177246094,0.011567161960899464
231,2017-12-01,133.5253448486328,0.008359130808032855
232,2017-12-04,135.84536743164062,0.017375147659328904
233,2017-12-05,134.69418334960938,-0.008474224066643554
234,2017-12-06,135.2609100341797,0.004207506742138545
235,2017-12-07,135.24313354492188,-0.000131423699968658
236,2017-12-08,135.91018676757812,0.004932252049858699
237,2017-12-11,135.8123321533203,-0.0007199947008030838
238,2017-12-12,136.09689331054688,0.0020952527117001907
239,2017-12-13,134.83401489257812,-0.009279259704239595
240,2017-12-14,133.7757110595703,-0.007848938072866574
241,2017-12-15,134.35379028320312,0.004321256968504494
242,2017-12-18,134.5406036376953,0.0013904583867594411
243,2017-12-19,133.54446411132812,-0.007404006667382723
244,2017-12-20,132.90414428710938,-0.004794806197918833
245,2017-12-21,134.18479919433594,0.009635929068246396
246,2017-12-22,132.49508666992188,-0.01259242875913913
247,2017-12-26,132.45945739746094,-0.0002689101411714745
248,2017-12-27,132.92396545410156,0.0035067941977657835
249,2017-12-28,133.2517852783203,0.002466220617921122
250,2017-12-29,133.0150604248047,-0.0017765229412962658
251,2018-01-02,131.8674774169922,-0.00862746672555359
252,2018-01-03,133.98045349121094,0.01602348141943355
253,2018-01-04,135.41029357910156,0.010672005136812102
254,2018-01-05,136.29371643066406,0.006524045020598335
255,2018-01-08,138.18807983398438,0.013899125014204206
256,2018-01-09,139.00775146484375,0.005931565384251103
257,2018-01-10,139.25363159179688,0.0017688231365666773
258,2018-01-11,139.1716766357422,-0.000588530116721997
259,2018-01-12,139.09884643554688,-0.0005233119407329623
260,2018-01-16,138.6161346435547,-0.003470278901384405
261,2018-01-17,137.93309020996094,-0.0049275968872610765
262,2018-01-18,138.62525939941406,0.005018151832888673
263,2018-01-19,140.51048278808594,0.01359942190073804
264,2018-01-22,141.57608032226562,0.00758375825799984
265,2018-01-23,140.48318481445312,-0.007719492624211455
266,2018-01-24,141.15716552734375,0.004797589930644053
267,2018-01-25,140.41030883789062,-0.005290958391399925
268,2018-01-26,141.31195068359375,0.0064214789723460175
269,2018-01-29,139.75462341308594,-0.011020492343176036
270,2018-01-30,139.6453094482422,-0.0007821849622866583
271,2018-01-31,139.7819061279297,0.0009781687636141179
272,2018-02-01,144.72731018066406,0.03537942921030357
273,2018-02-02,144.909423828125,0.0012583226153626281
274,2018-02-05,140.21908569335938,-0.032367378261946356
275,2018-02-06,143.5797119140625,0.023966967150622853
276,2018-02-07,145.65623474121094,0.014462508661330364
277,2018-02-08,139.38116455078125,-0.04308137033460102
278,2018-02-09,142.8511505126953,0.024895659130827807
279,2018-02-12,145.83839416503906,0.02091158273225302
280,2018-02-13,145.86572265625,0.00018738886537672528
281,2018-02-14,147.6781005859375,0.012424974810282041
282,2018-02-15,150.37393188476562,0.018254780418572425
283,2018-02-16,147.88758850097656,-0.01653440428554065
284,2018-02-20,148.77102661132812,0.005973713678790071
285,2018-02-21,147.34109497070312,-0.009611627164211045
286,2018-02-22,146.2026824951172,-0.007726374476939357
287,2018-02-23,149.38121032714844,0.021740557545087524
288,2018-02-26,152.0041961669922,0.017559007816976058
289,2018-02-27,151.81292724609375,-0.0012583134263498552
290,2018-02-28,151.3302001953125,-0.0031797493107996733
291,2018-03-01,147.7782745361328,-0.02347136034047026
292,2018-03-02,151.42127990722656,0.024651833177298466
293,2018-03-05,153.45223999023438,0.013412646387959137
294,2018-03-06,154.4540557861328,0.006528518553800211
295,2018-03-07,153.53421020507812,-0.005955464078770234
296,2018-03-08,154.04640197753906,0.0033360107286630747
297,2018-03-09,156.77174377441406,0.017691693943441722
298,2018-03-12,154.72314453125,-0.013067401011446877
299,2018-03-13,150.72659301757812,-0.025830340546528108
300,2018-03-14,149.02548217773438,-0.011286069735851889
301,2018-03-15,151.25698852539062,0.014973991796885189
302,2018-03-16,151.01007080078125,-0.001632438454689522
303,2018-03-19,149.56509399414062,-0.009568744647149408
304,2018-03-20,150.150390625,0.003913323725670326
305,2018-03-21,150.44305419921875,0.0019491362826333791
306,2018-03-22,146.47393798828125,-0.02638284786269718
307,2018-03-23,144.6082763671875,-0.012737157522473508
308,2018-03-26,147.8914794921875,0.022704116302882493
309,2018-03-27,145.41302490234375,-0.01675860298614884
310,2018-03-28,145.26669311523438,-0.0010063182937543047
311,2018-03-29,147.9188995361328,0.018257498425978014
312,2018-04-02,144.22413635253906,-0.02497830361894504
313,2018-04-03,146.8489227294922,0.01819935583137866
314,2018-04-04,146.77572631835938,-0.0004984470418462061
315,2018-04-05,149.06207275390625,0.015577142712193126
316,2018-04-06,144.73629760742188,-0.02901995837416005
317,2018-04-09,145.57765197753906,0.005813015698378887
318,2018-04-10,149.61077880859375,0.02770429922634654
319,2018-04-11,147.47994995117188,-0.014242482222139752
320,2018-04-12,150.17784118652344,0.018293274687473104
321,2018-04-13,149.45533752441406,-0.004810987136324663
322,2018-04-16,150.00408935546875,0.0036716777074961016
323,2018-04-17,150.6808624267578,0.004511697475695353
324,2018-04-18,151.08323669433594,0.002670374068065362
325,2018-04-19,150.4156036376953,-0.004418975071280418
326,2018-04-20,150.97349548339844,0.0037090024718906545
327,2018-04-23,150.16867065429688,-0.005330901470649629
328,2018-04-24,147.7908935546875,-0.015834042408774174
329,2018-04-25,147.31532287597656,-0.0032178618538155623
330,2018-04-26,145.82460021972656,-0.01011926408704289
331,2018-04-27,143.91317749023438,-0.013107683659767111
332,2018-04-30,144.20584106445312,0.002033612066126622
333,2018-05-01,143.126708984375,-0.00748327579599084
334,2018-05-02,143.0169219970703,-0.0007670614945577414
335,2018-05-03,143.6022491455078,0.004092712528448228
336,2018-05-04,145.55938720703125,0.013628881672600679
337,2018-05-07,145.6142578125,0.0003769637020434313
338,2018-05-08,144.919189453125,-0.004773353721103324
339,2018-05-09,147.67198181152344,0.01899536126848722
340,2018-05-10,146.29104614257812,-0.009351372223796894
341,2018-05-11,145.67825317382812,-0.004188861758174567
342,2018-05-14,147.26956176757812,0.010923446424437877
343,2018-05-15,146.73910522460938,-0.003601942835994354
344,2018-05-16,146.94032287597656,0.001371261267125723
345,2018-05-17,146.96778869628906,0.0001869181976392742
346,2018-05-18,146.1264190673828,-0.005724857374325376
347,2018-05-21,147.58969116210938,0.010013740869485144
348,2018-05-22,147.11412048339844,-0.003222248620254775
349,2018-05-23,146.42820739746094,-0.004662455811064725
350,2018-05-24,146.33673095703125,-0.0006247187072460081
351,2018-05-25,145.96177673339844,-0.0025622700546926724
352,2018-05-29,145.12037658691406,-0.005764523872720528
353,2018-05-30,151.3485107421875,0.042917020350642154
354,2018-05-31,148.979736328125,-0.01565112469522445
355,2018-06-01,153.21414184570312,0.028422694400880966
356,2018-06-04,155.74742126464844,0.01653424017148808
357,2018-06-05,155.893798828125,0.0009398394033621749
358,2018-06-06,158.71058654785156,0.01806863224131261
359,2018-06-07,157.70050048828125,-0.006364326927024266
360,2018-06-08,156.99343872070312,-0.004483573389994833
361,2018-06-11,156.68124389648438,-0.00198858517121947
362,2018-06-12,156.3047332763672,-0.0024030356841303613
363,2018-06-13,156.5435028076172,0.0015275898960003254
364,2018-06-14,155.05592346191406,-0.009502657849245089
365,2018-06-15,155.94664001464844,0.005744485814198175
366,2018-06-18,155.3681182861328,-0.0037097415401914358
367,2018-06-19,153.3112335205078,-0.01323878275874435
368,2018-06-20,153.54083251953125,0.001497600624240869
369,2018-06-21,154.46824645996094,0.006040177881097009
370,2018-06-22,154.65187072753906,0.001188750903738045
371,2018-06-25,152.87969970703125,-0.011459098504084553
372,2018-06-26,152.01649475097656,-0.0056463020120322005
373,2018-06-27,149.8494415283203,-0.014255382129460203
374,2018-06-28,150.46470642089844,0.0041058871244565864
375,2018-06-29,150.519775390625,0.0003659926040895378
376,2018-07-02,150.58404541015625,0.0004269872139024411
377,2018-07-03,147.9486541748047,-0.017501131864091968
378,2018-07-05,147.19569396972656,-0.005089334602452533
379,2018-07-06,147.3150634765625,0.0008109578725890021
380,2018-07-09,150.16165161132812,0.01932313008315356
381,2018-07-10,150.74932861328125,0.0039136290500736415
382,2018-07-11,151.9063262939453,0.007674977336928013
383,2018-07-12,153.072509765625,0.0076769908148728305
384,2018-07-13,153.26536560058594,0.0012598985621665726
385,2018-07-16,154.46824645996094,0.007848354092663934
386,2018-07-17,155.20285034179688,0.0047556950937897025
387,2018-07-18,157.0393524169922,0.011832914609176681
388,2018-07-19,155.04673767089844,-0.012688633233806867
389,2018-07-20,155.18447875976562,0.0008883843087337251
390,2018-07-23,155.45994567871094,0.0017750932383628903
391,2018-07-24,154.6886444091797,-0.004961414762908123
392,2018-07-25,155.66200256347656,0.0062923697987951055
393,2018-07-26,152.8521270751953,-0.01805113285199722
394,2018-07-27,151.96145629882812,-0.005827009367877611
395,2018-07-30,148.03131103515625,-0.025862777044880048
396,2018-07-31,146.1121368408203,-0.012964650389944543
397,2018-08-01,148.2333221435547,0.014517516125613028
398,2018-08-02,147.8751983642578,-0.00241594652348176
399,2018-08-03,148.41696166992188,0.003663652266619799
400,2018-08-06,148.6373748779297,0.0014850944631112917
401,2018-08-07,150.0606231689453,0.00957530562003317
402,2018-08-08,150.35447692871094,0.001958233636247142
403,2018-08-09,149.64743041992188,-0.00470253046821012
404,2018-08-10,150.519775390625,0.005829334778788109
405,2018-08-13,150.54730224609375,0.00018287866426391908
406,2018-08-14,152.71437072753906,0.014394601889995196
407,2018-08-15,153.96324157714844,0.008177821403838381
408,2018-08-16,154.7069854736328,0.004830658856397774
409,2018-08-17,155.5334014892578,0.0053418144830044145
410,2018-08-20,155.80889892578125,0.0017713072168774602
411,2018-08-21,153.67857360839844,-0.013672680649630786
412,2018-08-22,153.24696350097656,-0.0028085249445488625
413,2018-08-23,153.96324157714844,0.004674011541946799
414,2018-08-24,155.47833251953125,0.009840601736250232
415,2018-08-27,156.6352996826172,0.007441340181215228
416,2018-08-28,155.73544311523438,-0.005744915540789042
417,2018-08-29,158.09532165527344,0.015153124380895777
418,2018-08-30,159.14210510253906,0.006621217100580168
419,2018-08-31,160.44606018066406,0.00819365231649316
420,2018-09-04,162.57640075683594,0.013277612262794669
421,2018-09-05,157.28729248046875,-0.032533062927614265
422,2018-09-06,159.3166046142578,0.01290194587106308
423,2018-09-07,160.22015380859375,0.005671406295179482
424,2018-09-10,160.51519775390625,0.0018414908380688377
425,2018-09-11,159.5286865234375,-0.006145905461121592
426,2018-09-12,158.25636291503906,-0.007975516103879587
427,2018-09-13,158.86485290527344,0.0038449638234201444
428,2018-09-14,159.63929748535156,0.004874864174896576
429,2018-09-17,158.4315185546875,-0.007565674302562497
430,2018-09-18,158.94781494140625,0.003258798447611566
431,2018-09-19,160.06341552734375,0.00701865946599356
432,2018-09-20,160.7733154296875,0.004435116544307949
433,2018-09-21,161.45559692382812,0.004243748362824595
434,2018-09-24,161.1144561767578,-0.0021129075335261094
435,2018-09-25,160.05416870117188,-0.006580958039064444
436,2018-09-26,159.50100708007812,-0.0034560900574013287
437,2018-09-27,158.5144805908203,-0.006185080002426124
438,2018-09-28,156.92872619628906,-0.010003845633665631
439,2018-10-01,160.65345764160156,0.02373517924725621
440,2018-10-02,160.8839569091797,0.001434760701461757
441,2018-10-03,161.75982666015625,0.0054441087091796625
442,2018-10-04,166.42503356933594,0.028840330788564073
443,2018-10-05,167.51295471191406,0.006537004194894003
444,2018-10-08,166.79380798339844,-0.0042930812709524035
445,2018-10-09,167.0242919921875,0.0013818499114308658
446,2018-10-10,166.1852569580078,-0.0050234311678383214
447,2018-10-11,162.2945556640625,-0.023411831862608756
448,2018-10-12,162.7279052734375,0.002670142615701865
449,2018-10-15,160.25704956054688,-0.015183970498107047
450,2018-10-16,164.16619873046875,0.024392993510372607
451,2018-10-17,167.17184448242188,0.018308554228558593
452,2018-10-18,167.7249755859375,0.003308757555605002
453,2018-10-19,168.3980255126953,0.004012818749304037
454,2018-10-22,167.07960510253906,-0.007829191619927012
455,2018-10-23,166.6923828125,-0.002317591604321878
456,2018-10-24,166.95054626464844,0.0015487417468789122
457,2018-10-25,163.62220764160156,-0.01993607506842665
458,2018-10-26,164.70091247558594,0.006592655419655369
459,2018-10-29,165.3924102783203,0.00419850620340001
460,2018-10-30,168.2320556640625,0.01716913962958566
461,2018-10-31,168.94200134277344,0.0042200380653292235
462,2018-11-01,169.41221618652344,0.0027832915439185424
463,2018-11-02,169.5136260986328,0.0005985985803864668
464,2018-11-05,171.02565002441406,0.008919778076728058
465,2018-11-06,171.8553924560547,0.004851567186104466
466,2018-11-07,173.96673583984375,0.012285581229747988
467,2018-11-08,174.6489715576172,0.0039216446436145525
468,2018-11-09,174.93479919433594,0.0016365835662790484
469,2018-11-12,171.90155029296875,-0.017339311076680297
470,2018-11-13,172.71286010742188,0.004719618950907778
471,2018-11-14,173.3859100341797,0.0038969300047442257
472,2018-11-15,176.61279296875,0.018610987097707143
473,2018-11-16,180.3467712402344,0.021142173274758758
474,2018-11-19,180.3467712402344,0.0
475,2018-11-20,177.1659698486328,-0.017637140769016235
476,2018-11-21,175.18374633789062,-0.011188511611094132
477,2018-11-23,174.53834533691406,-0.0036841374526362936
478,2018-11-26,176.575927734375,0.01167412463735551
479,2018-11-27,179.00071716308594,0.013732276306420266
480,2018-11-28,172.510009765625,-0.0362607899025752
481,2018-11-29,174.16958618164062,0.009620174610565302
482,2018-11-30,175.24827575683594,0.006193329150304905
483,2018-12-03,173.43202209472656,-0.01036388891283302
484,2018-12-04,173.5149383544922,0.00047809083215510917
485,2018-12-06,174.27096557617188,0.004357130451414504
486,2018-12-07,173.15122985839844,-0.006425256864052931
487,2018-12-10,176.14952087402344,0.017316024945805975
488,2018-12-11,175.37222290039062,-0.004412716933750338
489,2018-12-12,174.50233459472656,-0.0049602399472243874
490,2018-12-13,173.9193115234375,-0.003341061726441108
491,2018-12-14,173.6416778564453,-0.0015963360512427638
492,2018-12-17,171.74461364746094,-0.010925166310318257
493,2018-12-18,169.15353393554688,-0.015086817902963512
494,2018-12-19,171.68911743164062,0.014989834602331609
495,2018-12-20,171.1061248779297,-0.003395629044124271
496,2018-12-21,169.02395629882812,-0.012168872274952336
497,2018-12-24,163.44381713867188,-0.03301389508532604
498,2018-12-26,168.71859741210938,0.03227274280410475
499,2018-12-27,172.22247314453125,0.020767572669320833
500,2018-12-28,173.8949737548828,0.009711279717531385
501,2018-12-31,175.77305603027344,0.010800095223211681
502,2019-01-02,173.39979553222656,-0.01350184466064086
503,2019-01-03,169.58755493164062,-0.021985265835434253
504,2019-01-04,172.55885314941406,0.0175207326915654
505,2019-01-07,171.68988037109375,-0.00503580524824121
506,2019-01-08,170.67140197753906,-0.005932081677460177
507,2019-01-09,166.8405303955078,-0.022445890393139267
508,2019-01-10,168.0458221435547,0.007224214315248556
509,2019-01-11,168.69989013671875,0.0038922002631240904
510,2019-01-14,166.9432830810547,-0.010412615291216065
511,2019-01-15,170.0173797607422,0.018414018359726114
512,2019-01-16,170.32569885253906,0.0018134563197642617
513,2019-01-17,169.36331176757812,-0.005650275275219219
514,2019-01-18,171.39088439941406,0.011971734673082102
515,2019-01-22,174.1005401611328,0.01580980091919071
516,2019-01-23,175.4927520751953,0.007996597326889399
517,2019-01-24,174.09121704101562,-0.007986284434009838
518,2019-01-25,173.73614501953125,-0.002039574583482362
519,2019-01-28,172.82044982910156,-0.005270608429390089
520,2019-01-29,169.29791259765625,-0.02038264126108147
521,2019-01-30,168.53170776367188,-0.004525778388096757
522,2019-01-31,170.31634521484375,0.010589327520934111
523,2019-02-01,171.40020751953125,0.006363818477435501
524,2019-02-04,169.6249542236328,-0.010357357914494658
525,2019-02-05,167.04605102539062,-0.015203560172179498
526,2019-02-06,166.09300231933594,-0.005705305214966261
527,2019-02-07,165.59780883789062,-0.0029814229048207297
528,2019-02-08,166.504150390625,0.005473149428091961
529,2019-02-11,165.6819305419922,-0.004938134254935056
530,2019-02-12,167.1862335205078,0.009079463123073284
531,2019-02-13,168.55972290039062,0.008215325813380137
532,2019-02-14,165.7566375732422,-0.016629627048004303
533,2019-02-15,163.88790893554688,-0.011273929448946451
534,2019-02-19,162.86013793945312,-0.00627118255867154
535,2019-02-20,164.0654296875,0.007400778135745911
536,2019-02-21,164.9063720703125,0.005125652518109813
537,2019-02-22,166.37335205078125,0.008895835631162141
538,2019-02-25,165.8407440185547,-0.003201282090319335
539,2019-02-26,166.4200439453125,0.0034931097914816522
540,2019-02-27,168.05519104003906,0.009825421601642459
541,2019-02-28,169.97064208984375,0.011397749976960414
542,2019-03-01,170.60601806640625,0.0037381512992500365
543,2019-03-04,168.46632385253906,-0.012541727648987977
544,2019-03-05,164.43917846679688,-0.023904750181806045
545,2019-03-06,162.8134002685547,-0.009886805646930785
546,2019-03-07,161.875,-0.0057636550001832765
547,2019-03-08,160.97412109375,-0.005565275096525046
548,2019-03-11,160.29847717285156,-0.004197220747706121
549,2019-03-12,159.8761749267578,-0.002634474472507753
550,2019-03-13,159.2380828857422,-0.003991164044973794
551,2019-03-14,158.0556640625,-0.0074254776358404495
552,2019-03-15,159.66036987304688,0.010152789019394648
553,2019-03-18,159.4257354736328,-0.0014695844660802537
554,2019-03-19,158.337158203125,-0.006828115092420872
555,2019-03-20,154.639892578125,-0.02335058723396377
556,2019-03-21,154.20822143554688,-0.002791460440002891
557,2019-03-22,153.26043701171875,-0.006146134200920472
558,2019-03-25,154.05807495117188,0.005204460818496459
559,2019-03-26,154.03929138183594,-0.0001219252502141499
560,2019-03-27,152.56597900390625,-0.009564523211663012
561,2019-03-28,152.7349090576172,0.0011072590023928353
562,2019-03-29,154.44281005859375,0.01118212602157831
563,2019-04-01,156.29148864746094,0.011969988037421775
564,2019-04-02,157.71786499023438,0.009126385288906302
565,2019-04-03,158.06509399414062,0.0022015832127055823
566,2019-04-04,158.9284210205078,0.005461844892833856
567,2019-04-05,159.61343383789062,0.00431019708736935
568,2019-04-08,161.77174377441406,0.013522107034646513
569,2019-04-09,160.24215698242188,-0.00945521607361266
570,2019-04-10,159.5852813720703,-0.0040992683992865375
571,2019-04-11,160.03570556640625,0.002822467024924391
572,2019-04-12,162.26910400390625,0.013955625899829238
573,2019-04-15,162.71954345703125,0.002775879338768883
574,2019-04-16,163.20755004882812,0.0029990656403589
575,2019-04-17,166.0227508544922,0.017249206944297768
576,2019-04-18,165.49722290039062,-0.003165397220542099
577,2019-04-22,164.01455688476562,-0.008958857373198237
578,2019-04-23,164.02392578125,5.7122347322913214e-05
579,2019-04-24,165.35647583007812,0.008124119956775644
580,2019-04-25,167.0455780029297,0.010214913957088179
581,2019-04-26,167.9840087890625,0.005617812799069366
582,2019-04-29,166.5951690673828,-0.008267690071759426
583,2019-04-30,167.8807830810547,0.007716994561540291
584,2019-05-01,164.50250244140625,-0.02012309317152383
585,2019-05-02,162.156494140625,-0.01426123168926785
586,2019-05-03,163.1981201171875,0.006423584711070518
587,2019-05-06,167.17697143554688,0.024380497247776356
588,2019-05-07,167.1394500732422,-0.0002244409740318476
589,2019-05-08,167.24269104003906,0.0006176935891055724
590,2019-05-09,168.9224090576172,0.010043595969021935
591,2019-05-10,171.67193603515625,0.016276863400647157
592,2019-05-13,171.07138061523438,-0.0034982737061862723
593,2019-05-14,172.0003662109375,0.00543039748882701
594,2019-05-15,170.63031005859375,-0.007965425786730873
595,2019-05-16,171.53115844726562,0.005279533210497789
596,2019-05-17,172.52590942382812,0.005799243621783745
597,2019-05-20,174.20565795898438,0.0097362102930858
598,2019-05-21,175.07838439941406,0.0050097479648747445
599,2019-05-22,174.37454223632812,-0.004020154546778509
600,2019-05-23,175.29417419433594,0.0052738888728460775
601,2019-05-24,176.34521484375,0.00599586754234549
602,2019-05-28,175.725830078125,-0.0035123423460841074
603,2019-05-29,178.78506469726562,0.017409134546586325
604,2019-05-30,180.51171875,0.009657708576821467
605,2019-05-31,180.28651428222656,-0.0012475891833113595
606,2019-06-03,181.1123046875,0.004580433586844457
607,2019-06-04,182.9515991210937,0.010155546508931579
608,2019-06-05,187.5685272216797,0.025235789808703002
609,2019-06-06,188.5163116455078,0.005053003496199526
610,2019-06-07,190.3719177246093,0.009843212308284555
611,2019-06-10,191.37977600097656,0.005294154140030427
612,2019-06-11,187.20706176757807,-0.021803318619085466
613,2019-06-12,187.3295288085937,0.0006541796012358159
614,2019-06-13,185.31378173828125,-0.010760434209878711
615,2019-06-14,185.65289306640625,0.0018299304290487761
616,2019-06-17,183.45822143554688,-0.011821370486665983
617,2019-06-18,184.44723510742188,0.005390947672641921
618,2019-06-19,185.8601226806641,0.007660117932477339
619,2019-06-20,187.27301025390625,0.007601886584728712
620,2019-06-21,185.9919891357422,-0.00684039369275502
621,2019-06-24,186.896224975586,0.004861692398933748
622,2019-06-25,186.8020172119141,-0.0005040645614121653
623,2019-06-26,180.87733459472656,-0.031716373867988756
624,2019-06-27,182.6387481689453,0.009738166355477196
625,2019-06-28,182.83653259277344,0.001082926957236774
626,2019-07-01,185.17251586914065,0.012776348595332943
627,2019-07-02,188.1678009033203,0.016175645830164065
628,2019-07-03,189.9574737548828,0.009511047283174756
629,2019-07-05,191.03126525878903,0.00565279945390218
630,2019-07-08,190.2589263916016,-0.004042997182378327
631,2019-07-09,190.2589263916016,0.0
632,2019-07-10,191.37033081054688,0.005841536268620162
633,2019-07-11,194.42218017578125,0.015947348537823425
634,2019-07-12,195.4206085205078,0.005135362353327455
635,2019-07-15,194.0548248291016,-0.006988944010287934
636,2019-07-16,191.66232299804688,-0.012328999462712265
637,2019-07-17,192.2369079589844,0.002997902519126683
638,2019-07-18,194.28091430664065,0.010632746694471118
639,2019-07-19,192.95278930664065,-0.006836106391303942
640,2019-07-22,194.16786193847656,0.0062972535209373515
641,2019-07-23,193.4237670898437,-0.00383222455665011
642,2019-07-24,189.92921447753903,-0.018066821181708548
643,2019-07-25,189.9480743408203,9.929943286057785e-05
644,2019-07-26,189.392318725586,-0.00292582916232742
645,2019-07-29,188.0453643798828,-0.007111979803440804
646,2019-07-30,185.85069274902344,-0.01167096906694165
647,2019-07-31,183.12852478027344,-0.014647069260194101
648,2019-08-01,188.9496154785156,0.03178691416439139
649,2019-08-02,193.2447662353516,0.022731725311843087
650,2019-08-05,190.1552734375,-0.01598745910711452
651,2019-08-06,196.2777862548828,0.032197439001843575
652,2019-08-07,196.7581481933593,0.0024473576334953506
653,2019-08-08,198.8397827148437,0.010579661074258118
654,2019-08-09,203.1914825439453,0.02188545858221147
655,2019-08-12,199.9230194091797,-0.016085630627055147
656,2019-08-13,200.9120330810547,0.004946972463690136
657,2019-08-14,196.2400665283203,-0.02325379162755048
658,2019-08-15,200.35630798339844,0.020975540458676445
659,2019-08-16,201.1757659912109,0.00409000353450506
660,2019-08-19,204.1145477294922,0.01460803056372928
661,2019-08-20,201.43006896972656,-0.013151824745599727
662,2019-08-21,201.09103393554688,-0.0016831401384796996
663,2019-08-22,200.8555145263672,-0.001171207908032268
664,2019-08-23,198.95281982421875,-0.00947295226937206
665,2019-08-26,202.17420959472656,0.016191727130854483
666,2019-08-27,203.6624450683593,0.007361153910857343
667,2019-08-28,203.2291412353516,-0.0021275588283459212
668,2019-08-29,203.16323852539065,-0.0003242778548407932
669,2019-08-30,204.67030334472656,0.007417999586315727
670,2019-09-03,205.113021850586,0.002163081300142311
671,2019-09-04,208.2213592529297,0.015154266532175331
672,2019-09-05,208.33436584472656,0.000542723341170781
673,2019-09-06,210.11460876464844,0.008545123665524734
674,2019-09-09,203.74465942382807,-0.030316546661233845
675,2019-09-10,194.1518402099609,-0.04708255539553674
676,2019-09-11,191.4583435058593,-0.013873145375232099
677,2019-09-12,194.1046295166016,0.01382173250998231
678,2019-09-13,194.5015563964844,0.0020449119676915206
679,2019-09-16,195.6356964111328,0.005831007399943466
680,2019-09-17,202.94129943847656,0.03734289376306288
681,2019-09-18,204.30224609375,0.006706109890096679
682,2019-09-19,200.31393432617188,-0.019521624670479465
683,2019-09-20,199.557846069336,-0.0037745165326579233
684,2019-09-23,200.6258239746093,0.005351720948632677
685,2019-09-24,201.22122192382807,0.0029677034462629592
686,2019-09-25,201.5708923339844,0.0017377412124488512
687,2019-09-26,204.1321563720703,0.01270651733704753
688,2019-09-27,202.14743041992188,-0.009722750140996328
689,2019-09-30,199.73741149902344,-0.011922085360630552
690,2019-10-01,199.1514434814453,-0.0029336918566253978
691,2019-10-02,196.42955017089844,-0.013667454591161254
692,2019-10-03,197.9322509765625,0.007650075074532747
693,2019-10-04,204.1604766845703,0.03146645216875399
694,2019-10-07,201.6181640625,-0.01245252099405214
695,2019-10-08,200.4934539794922,-0.005578416449914525
696,2019-10-09,203.3193359375,0.014094634522565874
697,2019-10-10,204.03761291503903,0.0035327529190820606
698,2019-10-11,201.1456298828125,-0.014173774094439873
699,2019-10-14,200.6919708251953,-0.0022553761564767516
700,2019-10-15,200.89990234375,0.0010360729315663786
701,2019-10-16,200.37062072753903,-0.00263455387502054
702,2019-10-17,201.31573486328125,0.004716829904057418
703,2019-10-18,201.4669342041016,0.0007510557529097905
704,2019-10-21,194.7567443847656,-0.033306655734077206
705,2019-10-22,190.9290771484375,-0.019653579897423556
706,2019-10-23,191.1275634765625,0.0010395814565775652
707,2019-10-24,192.0915679931641,0.005043775471557321
708,2019-10-25,189.4547576904297,-0.013726840434913012
709,2019-10-28,189.6437530517578,0.0009975751658712895
710,2019-10-29,189.965072631836,0.001694332530903342
711,2019-10-30,193.7171325683593,0.019751314726128788
712,2019-10-31,194.45431518554688,0.003805459059887051
713,2019-11-01,190.4470977783203,-0.020607500550465563
714,2019-11-04,186.20358276367188,-0.0222818570834189
715,2019-11-05,186.13742065429688,-0.00035532135522320374
716,2019-11-06,187.68736267089844,0.008326869530873138
717,2019-11-07,188.07485961914065,0.002064587315458555
718,2019-11-08,187.2904510498047,-0.004170725268249131
719,2019-11-11,187.7440948486328,0.0024221405644833105
720,2019-11-12,190.42819213867188,0.01429657370690185
721,2019-11-13,193.38633728027344,0.01553417647029609
722,2019-11-14,194.73782348632807,0.006988529929577769
723,2019-11-15,192.98941040039065,-0.008978292222004636
724,2019-11-18,194.057373046875,0.005533788845039078
725,2019-11-19,194.86070251464844,0.004139649296290182
726,2019-11-20,195.29544067382807,0.002231020177847043
727,2019-11-21,194.2085723876953,-0.005565251714954145
728,2019-11-22,195.54116821289065,0.0068616735544253515
729,2019-11-25,195.44667053222656,-0.00048326233052475853
730,2019-11-26,194.5677032470703,-0.004497223118524962
731,2019-11-27,189.9461669921875,-0.023752843754413777
732,2019-11-29,191.60009765625,0.008707365303825876
733,2019-12-02,192.15773010253903,0.0029103975055873033
734,2019-12-03,192.91378784179688,0.003934568434246222
735,2019-12-04,193.5375518798828,0.0032333823572914255
736,2019-12-05,196.04205322265625,0.012940648047092385
737,2019-12-06,194.6527709960937,-0.007086654132236969
738,2019-12-09,194.444091796875,-0.001072058713322277
739,2019-12-10,194.5484313964844,0.0005366046283288295
740,2019-12-11,194.17849731445312,-0.0019015012322426417
741,2019-12-12,192.68927001953125,-0.007669372847757816
742,2019-12-13,194.06466674804688,0.007137899937947889
743,2019-12-16,192.7272186279297,-0.006891765216867629
744,2019-12-17,193.09713745117188,0.0019193906593770738
745,2019-12-18,190.1756134033203,-0.015129815420440007
746,2019-12-19,194.1879730224609,0.021098181556177042
747,2019-12-20,192.1011657714844,-0.010746325936133672
748,2019-12-23,192.8220672607422,0.003752717930485261
749,2019-12-24,192.8979339599609,0.000393454443760044
750,2019-12-26,193.36854553222656,0.0024396921346152567
751,2019-12-27,194.7418365478516,0.007101935900925227
752,2019-12-30,191.2845458984375,-0.017753199367433137
753,2019-12-31,192.7635040283203,0.0077317178078153415
754,2020-01-02,193.8487091064453,0.00562972271953277
755,2020-01-03,196.44168090820312,0.013376265509893015
756,2020-01-06,197.2483825683593,0.0041065707462213386
757,2020-01-07,196.8642425537109,-0.0019474938635567485
758,2020-01-08,197.93023681640625,0.005414869906628761
759,2020-01-09,200.206298828125,0.011499314345942757
760,2020-01-10,196.9602813720703,-0.01621336329103895
761,2020-01-13,196.0479278564453,-0.004632170046007911
762,2020-01-14,195.4909210205078,-0.0028411768592900843
763,2020-01-15,196.88345336914065,0.0071232584171352364
764,2020-01-16,198.9386138916016,0.010438462386210157
765,2020-01-17,198.6600952148437,-0.0014000232097206577
766,2020-01-21,198.6600952148437,0.0
767,2020-01-22,199.3227386474609,0.003335563852924661
768,2020-01-23,199.98541259765625,0.003324627961124982
769,2020-01-24,200.9457550048828,0.004802062284205988
770,2020-01-27,204.547119140625,0.017922071235864978
771,2020-01-28,204.7583770751953,0.0010328081639960907
772,2020-01-29,205.11373901367188,0.0017355184366696363
773,2020-01-30,210.10760498046875,0.0243468135816296
774,2020-01-31,208.5037841796875,-0.007633330554266848
775,2020-02-03,206.06448364257807,-0.011699070818816715
776,2020-02-04,206.9960327148437,0.0045206677822335894
777,2020-02-05,204.9696807861328,-0.009789327370840817
778,2020-02-06,204.20138549804688,-0.003748336266804153
779,2020-02-07,204.748779296875,0.002680656634591605
780,2020-02-10,204.9120483398437,0.0007974115573698981
781,2020-02-11,203.26022338867188,-0.008061141180104259
782,2020-02-12,199.4091796875,-0.01894637148857181
783,2020-02-13,200.0526123046875,0.0032266950708881303
784,2020-02-14,204.6815643310547,0.023138673237203866
785,2020-02-18,204.9120483398437,0.0011260613995318636
786,2020-02-19,199.27471923828125,-0.027510969448770628
787,2020-02-20,200.7152709960937,0.007228973967791319
788,2020-02-21,200.552001953125,-0.0008134360786722361
789,2020-02-24,201.0033721923828,0.002250639409539845
790,2020-02-25,200.062240600586,-0.004682168172263523
791,2020-02-26,211.4521026611328,0.05693159302002471
792,2020-02-27,202.05018615722656,-0.04446357537041612
793,2020-02-28,190.9388122558593,-0.05499313864883493
794,2020-03-02,201.09942626953125,0.05321397935615457
795,2020-03-03,207.5050201416016,0.03185286995043435
796,2020-03-04,214.765365600586,0.03498877017062019
797,2020-03-05,213.027084350586,-0.008093862085904457
798,2020-03-06,207.68746948242188,-0.025065427170643417
799,2020-03-09,197.5639190673828,-0.04874415601609461
800,2020-03-10,199.58865356445312,0.010248503404003406
801,2020-03-11,187.7006683349609,-0.059562430114060705
802,2020-03-12,166.1326446533203,-0.11490648314129293
803,2020-03-13,175.48489379882812,0.0562938678609719
804,2020-03-16,143.2147979736328,-0.18389101834707788
805,2020-03-17,160.06813049316406,0.1176787088903628
806,2020-03-18,137.844482421875,-0.13883868077186146
807,2020-03-19,149.65533447265625,0.08568244331052699
808,2020-03-20,152.73097229003906,0.020551474681610893
809,2020-03-23,134.53744506835938,-0.11912139986334813
810,2020-03-24,146.8014373779297,0.09115672074297909
811,2020-03-25,150.72552490234375,0.026730579717089364
812,2020-03-26,168.5719451904297,0.11840343763704775
813,2020-03-27,165.19741821289062,-0.020018319025309816
814,2020-03-30,167.75242614746094,0.015466391437653382
815,2020-03-31,166.71112060546875,-0.006207394825257784
816,2020-04-01,160.24166870117188,-0.03880636085223854
817,2020-04-02,162.52671813964844,0.014260020236920079
818,2020-04-03,167.51138305664062,0.030669818316944042
819,2020-04-06,175.8994598388672,0.05007466734001187
820,2020-04-07,170.47129821777344,-0.03085945588500516
821,2020-04-08,174.48219299316406,0.023528270256185868
822,2020-04-09,183.3427276611328,0.050781885050676046
823,2020-04-13,176.130859375,-0.039335447760231346
824,2020-04-14,181.32763671875,0.029505206311890797
825,2020-04-15,178.34841918945312,-0.016430024585374237
826,2020-04-16,180.62380981445312,0.01275812051119396
827,2020-04-17,184.75035095214844,0.022846053031072344
828,2020-04-20,178.00132751464844,-0.03653050401646074
829,2020-04-21,171.637939453125,-0.035749104517210806
830,2020-04-22,172.9588165283203,0.007695717388614076
831,2020-04-23,172.08145141601562,-0.005072682213693502
832,2020-04-24,176.16944885253906,0.023756177106157184
833,2020-04-27,181.01910400390625,0.027528355131692273
834,2020-04-28,177.7120819091797,-0.01826891207380632
835,2020-04-29,174.96426391601562,-0.015462190097847994
836,2020-04-30,171.82113647460938,-0.01796439667768368
837,2020-05-01,167.42459106445312,-0.025587919509576396
838,2020-05-04,166.37367248535156,-0.006276966677475682
839,2020-05-05,172.1103515625,0.03448069031266665
840,2020-05-06,167.47279357910156,-0.026945258906837743
841,2020-05-07,172.09109497070312,0.027576427746278886
842,2020-05-08,175.02210998535156,0.017031764572986274
843,2020-05-11,177.56744384765625,0.014542927533656824
844,2020-05-12,172.75634765625,-0.02709447231517237
845,2020-05-13,171.58009338378906,-0.006808747049928621
846,2020-05-14,174.04830932617188,0.01438521155750827
847,2020-05-15,174.57859802246094,0.003046790275309519
848,2020-05-18,179.13902282714844,0.026122473523935374
849,2020-05-19,173.3155517578125,-0.03250811005570242
850,2020-05-20,174.3375701904297,0.005896865124056072
851,2020-05-21,171.79220581054688,-0.01460020566480591
852,2020-05-22,172.38998413085938,0.003479659146886638
853,2020-05-26,175.9283905029297,0.020525591378814267
854,2020-05-27,170.2013397216797,-0.0325533062905764
855,2020-05-28,174.01939392089844,0.022432574299721786
856,2020-05-29,176.0537567138672,0.011690437181349322
857,2020-06-01,175.78378295898438,-0.001533473411314823
858,2020-06-02,172.37069702148438,-0.01941638688192515
859,2020-06-03,179.58251953125,0.041839028526216016
860,2020-06-04,177.89524841308594,-0.009395519800970642
861,2020-06-05,185.25173950195312,0.04135293749827906
862,2020-06-08,184.8756866455078,-0.0020299558722435274
863,2020-06-09,185.0694122314453,0.0010478694600277727
864,2020-06-10,182.74514770507807,-0.012558879926957034
865,2020-06-11,168.68333435058594,-0.07694767019032256
866,2020-06-12,169.20632934570312,0.003100454452899415
867,2020-06-15,169.1385040283203,-0.0004008438552215443
868,2020-06-16,170.5524444580078,0.008359660254833257
869,2020-06-17,172.7314453125,0.012776133824506264
870,2020-06-18,170.75582885742188,-0.011437503180176
871,2020-06-19,169.98106384277344,-0.0045372683312342454
872,2020-06-22,169.5646209716797,-0.0024499368440177305
873,2020-06-23,168.0732421875,-0.008795341714760041
874,2020-06-24,162.1851043701172,-0.03503316614083096
875,2020-06-25,163.36660766601562,0.0072849063450497464
876,2020-06-26,157.32351684570312,-0.03699097940912688
877,2020-06-29,156.89739990234375,-0.002708539396416465
878,2020-06-30,157.41065979003906,0.0032713090721374627
879,2020-07-01,163.56996154785156,0.03912887326708381
880,2020-07-02,160.05453491210938,-0.02149188397720425
881,2020-07-06,160.56781005859375,0.0032068766234347734
882,2020-07-07,160.38380432128906,-0.0011459690285215984
883,2020-07-08,162.77584838867188,0.014914498864180503
884,2020-07-09,160.3063201904297,-0.01517134281705912
885,2020-07-10,159.39596557617188,-0.005678844185159959
886,2020-07-13,159.9867401123047,0.0037063330555282548
887,2020-07-14,160.3353729248047,0.002179135672464305
888,2020-07-15,163.502197265625,0.019751251910615553
889,2020-07-16,161.93331909179688,-0.009595456208330577
890,2020-07-17,161.36190795898438,-0.003528681657470223
891,2020-07-20,162.6015167236328,0.007682164770656641
892,2020-07-21,162.91143798828125,0.0019060170587166247
893,2020-07-22,164.9354705810547,0.012424128212035201
894,2020-07-23,163.6087188720703,-0.008044065380905185
895,2020-07-24,163.42469787597656,-0.0011247627715833541
896,2020-07-27,162.21414184570312,-0.0074074240063282115
897,2020-07-28,160.761474609375,-0.00895524409770565
898,2020-07-29,159.67684936523438,-0.006746798303362778
899,2020-07-30,157.95301818847656,-0.01079574893674684
900,2020-07-31,160.935791015625,0.018883924228590976
901,2020-08-03,157.8561553955078,-0.01913580317145358
902,2020-08-04,157.9820556640625,0.0007975632514249931
903,2020-08-05,158.0207977294922,0.00024523079704752426
904,2020-08-06,158.79556274414062,0.00490293066343539
905,2020-08-07,161.8655242919922,0.01933279176571223
906,2020-08-10,160.122314453125,-0.010769494285408077
907,2020-08-11,162.81455993652344,0.01681368079516843
908,2020-08-12,164.59652709960938,0.010944765405383139
909,2020-08-13,164.21884155273438,-0.002294614312526977
910,2020-08-14,166.02981567382812,0.011027809622638163
911,2020-08-17,169.0997772216797,0.018490423153167956
912,2020-08-18,168.32501220703125,-0.004581703343303434
913,2020-08-19,166.7658233642578,-0.009262965867815942
914,2020-08-20,167.7148895263672,0.005691011161419901
915,2020-08-21,168.3734588623047,0.003926719552433955
916,2020-08-24,169.68084716796875,0.0077648123077000974
917,2020-08-25,169.39999389648438,-0.0016551854624249351
918,2020-08-26,169.72926330566406,0.0019437392033254675
919,2020-08-27,170.88172912597656,0.006790024288487295
920,2020-08-28,171.44338989257812,0.0032868392043685635
921,2020-08-31,170.32000732421875,-0.006552498577304444
922,2020-09-01,168.29595947265625,-0.011883793826461875
923,2020-09-02,167.25975036621094,-0.006157064671619028
924,2020-09-03,166.46560668945312,-0.004747966411638549
925,2020-09-04,164.26724243164062,-0.013206116876224305
926,2020-09-08,161.72991943359375,-0.015446311513403366
927,2020-09-09,163.54043579101562,0.011194690282185338
928,2020-09-10,159.5787353515625,-0.024224592653743993
929,2020-09-11,158.86814880371094,-0.004452889956084061
930,2020-09-14,161.6617889404297,0.017584645869893167
931,2020-09-15,163.6280517578125,0.012162817387276093
932,2020-09-16,165.67218017578125,0.0124925304433392
933,2020-09-17,166.1686248779297,0.0029965483741549725
934,2020-09-18,164.5527801513672,-0.009724126487473339
935,2020-09-21,163.22898864746094,-0.00804478358061489
936,2020-09-22,162.15821838378906,-0.0065599270849157065
937,2020-09-23,158.03103637695312,-0.02545157469026882
938,2020-09-24,159.56898498535156,0.009731940279945617
939,2020-09-25,162.34317016601562,0.01738549117749133
940,2020-09-28,164.43597412109375,0.012891234986590394
941,2020-09-29,161.70071411132812,-0.016634194703352034
942,2020-09-30,162.85906982421875,0.007163578214584243
943,2020-10-01,165.72085571289062,0.017572161573566225
944,2020-10-02,164.0076904296875,-0.010337656511810178
945,2020-10-05,162.49891662597656,-0.009199408879901116
946,2020-10-06,163.8519287109375,0.008326283725787365
947,2020-10-07,164.99081420898438,0.006950699372334279
948,2020-10-08,166.3535614013672,0.008259533713535605
949,2020-10-09,164.90321350097656,-0.008718466188357255
950,2020-10-12,165.47750854492188,0.003482618875355614
951,2020-10-13,163.0440216064453,-0.014705847095926927
952,2020-10-14,162.26528930664062,-0.004776208855326147
953,2020-10-15,162.64491271972656,0.0023395232258733856
954,2020-10-16,163.52098083496094,0.005386384981767245
955,2020-10-19,158.9946746826172,-0.027680277657532337
956,2020-10-20,158.78053283691406,-0.0013468491704554664
957,2020-10-21,160.21142578125,0.0090117656035682
958,2020-10-22,159.13096618652344,-0.00674396092199947
959,2020-10-23,159.5008544921875,0.0023244269454789634
960,2020-10-26,155.89927673339844,-0.022580303850130656
961,2020-10-27,155.22763061523438,-0.00430820547880173
962,2020-10-28,145.58126831054688,-0.06214333277171591
963,2020-10-29,145.9998321533203,0.0028751215567142108
964,2020-10-30,146.71041870117188,0.004867036744983011
965,2020-11-02,148.22891235351562,0.010350278226911147
966,2020-11-03,149.39697265625,0.007880111134787482
967,2020-11-04,146.4962615966797,-0.019416130112921426
968,2020-11-05,146.44760131835938,-0.00033216054655560434
969,2020-11-06,146.58387756347656,0.0009305461058453091
970,2020-11-09,158.0894317626953,0.07849126650532479
971,2020-11-10,164.22183227539062,0.0387907050099372
972,2020-11-11,161.3989715576172,-0.017189314469708616
973,2020-11-12,156.72665405273438,-0.028948867888014096
974,2020-11-13,161.54501342773438,0.03074371365944395
975,2020-11-16,164.28024291992188,0.0169316863092841
976,2020-11-17,163.59886169433594,-0.004147676028931069
977,2020-11-18,161.36976623535156,-0.013625372670068803
978,2020-11-19,161.5157928466797,0.0009049192716505949
979,2020-11-20,163.0148162841797,0.00928097129748151
980,2020-11-23,164.2899627685547,0.007822273542007707
981,2020-11-24,168.57290649414062,0.026069418078933815
982,2020-11-25,170.1400909423828,0.009296775388378586
983,2020-11-27,170.12063598632812,-0.00011434668893695044
984,2020-11-30,170.37368774414062,0.0014874841981711295
985,2020-12-01,174.39382934570312,0.023596023862556548
986,2020-12-02,177.04147338867188,0.015181982372325153
987,2020-12-03,176.87599182128906,-0.0009347050960173409
988,2020-12-04,179.13424682617188,0.012767447869151738
989,2020-12-07,178.306884765625,-0.004618670495484478
990,2020-12-08,178.50157165527344,0.001091864119012298
991,2020-12-09,178.35488891601562,-0.0008217448053683407
992,2020-12-10,178.45265197753906,0.0005481378285596694
993,2020-12-11,176.29144287109375,-0.012110826499330152
994,2020-12-14,173.6314697265625,-0.015088498348023949
995,2020-12-15,177.38671875,0.021627698189454536
996,2020-12-16,177.7094268798828,0.0018192350146439829
997,2020-12-17,180.85836791992188,0.017719606074513283
998,2020-12-18,179.9195556640625,-0.005190869887065741
999,2020-12-21,177.75833129882812,-0.012012170423929436
1000,2020-12-22,177.0053253173828,-0.00423612201995438
1001,2020-12-23,176.35987854003906,-0.0036464822523639695
1002,2020-12-24,176.99456787109375,0.003598830620143545
1003,2020-12-28,178.888671875,0.010701480992827639
1004,2020-12-29,177.3714141845703,-0.008481575018287835
1005,2020-12-30,176.51856994628906,-0.004808239491138067
1006,2020-12-31,180.5348663330078,0.022752826447329788
1007,2021-01-04,177.8077392578125,-0.015105819338880222
1008,2021-01-05,177.62924194335938,-0.0010038782068665375
1009,2021-01-06,191.77056884765625,0.0796114803485235
1010,2021-01-07,197.1553649902344,0.028079366791970317
1011,2021-01-08,198.0181121826172,0.004375976237955825
1012,2021-01-11,197.2843017578125,-0.0037057742684060146
1013,2021-01-12,199.8130798339844,0.012817938648135518
1014,2021-01-13,196.30252075195312,-0.017569215613652767
1015,2021-01-14,192.5242462158203,-0.019247203355615694
1016,2021-01-15,190.2235412597656,-0.011950208876421842
1017,2021-01-19,190.60037231445312,0.0019809906397070254
1018,2021-01-20,188.2501220703125,-0.012330774675839429
1019,2021-01-21,184.6503143310547,-0.01912247227076569
1020,2021-01-22,182.5082855224609,-0.011600461208819746
1021,2021-01-25,182.8355407714844,0.0017930980398324081
1022,2021-01-26,182.220703125,-0.0033627906472125657
1023,2021-01-27,177.30198669433594,-0.0269931810508377
1024,2021-01-28,180.95135498046875,0.02058278282253112
1025,2021-01-29,180.2274475097656,-0.004000563968041493
1026,2021-02-01,185.87998962402344,0.03136338106298475
1027,2021-02-02,190.4119567871093,0.024381145987002695
1028,2021-02-03,190.3921356201172,-0.00010409623075435803
1029,2021-02-04,191.9193115234375,0.008021213157498375
1030,2021-02-05,189.797119140625,-0.011057732366621886
1031,2021-02-08,190.1442108154297,0.0018287510178041089
1032,2021-02-09,190.372299194336,0.0011995546849843386
1033,2021-02-10,183.6586303710937,-0.03526599642728934
1034,2021-02-11,181.1893615722656,-0.013444883008431385
1035,2021-02-12,182.8355407714844,0.009085407580964544
1036,2021-02-16,187.83360290527344,0.027336381716046354
1037,2021-02-17,189.54920959472656,0.009133651609282811
1038,2021-02-18,192.37548828125,0.014910527416950314
1039,2021-02-19,193.446517944336,0.005567391525058252
1040,2021-02-22,193.8431701660156,0.002050449012443556
1041,2021-02-23,197.0958709716797,0.01678006402226262
1042,2021-02-24,199.02964782714844,0.009811351429815707
1043,2021-02-25,203.09552001953125,0.02042847503761802
1044,2021-02-26,198.0379638671875,-0.024902352114204107
1045,2021-03-01,207.95474243164065,0.05007513898246185
1046,2021-03-02,204.92019653320312,-0.014592338039297381
1047,2021-03-03,204.0872039794922,-0.0040649607398555165
1048,2021-03-04,205.2970428466797,0.005928048616458348
1049,2021-03-05,212.13961791992188,0.033330119997648344
1050,2021-03-08,212.25860595703125,0.0005608949345534686
1051,2021-03-09,208.85275268554688,-0.0160457723545675
1052,2021-03-10,205.7854919433593,-0.014686235650461898
1053,2021-03-11,204.7597503662109,-0.004984518429660301
1054,2021-03-12,208.2851104736328,0.017217056091916705
1055,2021-03-15,208.2253570556641,-0.0002868828109356958
1056,2021-03-16,206.2635040283203,-0.009421777707982582
1057,2021-03-17,205.72573852539065,-0.002607177190472987
1058,2021-03-18,204.9290466308593,-0.003872592220311999
1059,2021-03-19,201.82196044921875,-0.015161765658517679
1060,2021-03-22,198.5256500244141,-0.016332763874989942
1061,2021-03-23,199.1032257080078,0.002909325235921356
1062,2021-03-24,203.9331817626953,0.024258552504673236
1063,2021-03-25,204.4012451171875,0.0022951799724129085
1064,2021-03-26,207.5780487060547,0.015541997246865336
1065,2021-03-29,208.10585021972656,0.0025426653587021786
1066,2021-03-30,204.092529296875,-0.019284998084456273
1067,2021-03-31,203.3854522705078,-0.0034644924476322503
1068,2021-04-01,205.23776245117188,0.009107387770293629
1069,2021-04-05,206.58218383789065,0.006550555661210877
1070,2021-04-06,204.2418975830078,-0.011328596742492092
1071,2021-04-07,203.4949951171875,-0.0036569502862005
1072,2021-04-08,201.9016265869141,-0.007830013359079513
1073,2021-04-09,203.7838134765625,0.009322296810908348
1074,2021-04-12,203.853515625,0.00034203967061152696
1075,2021-04-13,205.0087127685547,0.005666800202159594
1076,2021-04-14,205.9149627685547,0.004420543828413281
1077,2021-04-15,203.20620727539065,-0.01315472881010904
1078,2021-04-16,206.7216033935547,0.017299649283842422
1079,2021-04-19,204.7398376464844,-0.009586640750349762
1080,2021-04-20,205.26763916015625,0.0025779131200796
1081,2021-04-21,206.1141357421875,0.0041238676758530435
1082,2021-04-22,205.2776031494141,-0.004058589139270707
1083,2021-04-23,206.4527130126953,0.005724491348556349
1084,2021-04-26,203.8435516357422,-0.012638058075762237
1085,2021-04-27,203.9331817626953,0.00043970057543596397
1086,2021-04-28,200.1887359619141,-0.018361140489331462
1087,2021-04-29,202.8875274658203,0.013481235549734683
1088,2021-04-30,201.1547241210937,-0.008540709063638907
1089,2021-05-03,202.857650756836,0.008465755120506957
1090,2021-05-04,203.51492309570312,0.003240066797653096
1091,2021-05-05,202.2202911376953,-0.006361361311077007
1092,2021-05-06,203.5049743652344,0.006352889812943241
1093,2021-05-07,202.08087158203125,-0.006997877018216192
1094,2021-05-10,207.18966674804688,0.02528094384203894
1095,2021-05-11,211.21295166015625,0.01941836663602481
1096,2021-05-12,213.1847686767578,0.009335682310686266
1097,2021-05-13,214.36984252929688,0.005558904887505989
1098,2021-05-14,216.0926971435547,0.008036832951549
1099,2021-05-17,215.5350036621093,-0.0025808067038698423
1100,2021-05-18,213.34410095214844,-0.010164950809546935
1101,2021-05-19,210.98390197753903,-0.011062874314667681
1102,2021-05-20,215.1167449951172,0.019588428211068543
1103,2021-05-21,216.87942504882807,0.008194062501972521
1104,2021-05-24,216.411361694336,-0.002158173161823429
1105,2021-05-25,213.99142456054688,-0.011182116848407864
1106,2021-05-26,215.2362518310547,0.005817182969196866
1107,2021-05-27,217.18814086914065,0.009068588685599677
1108,2021-05-28,217.85536193847656,0.0030720879448842275
1109,2021-06-01,212.26856994628903,-0.025644500748002064
1110,2021-06-02,215.41549682617188,0.014825213552242422
1111,2021-06-03,217.04872131347656,0.007581740921000613
1112,2021-06-04,217.46697998046875,0.0019270266346702591
1113,2021-06-07,217.19810485839844,-0.0012363951625872227
1114,2021-06-08,216.7400054931641,-0.0021091315024732715
1115,2021-06-09,215.509994506836,-0.005675052852053608
1116,2021-06-10,212.8699951171875,-0.012250009080505775
1117,2021-06-11,214.4600067138672,0.007469402138165826
1118,2021-06-14,216.6999969482422,0.010444792335400743
1119,2021-06-15,216.97999572753903,0.0012921032913706387
1120,2021-06-16,218.8500061035156,0.008618353824306979
1121,2021-06-17,217.0,-0.00845330615453832
1122,2021-06-18,210.7100067138672,-0.028986144175727202
1123,2021-06-21,216.009994506836,0.025152995226116248
1124,2021-06-22,215.8600006103516,-0.0006943840576768556
1125,2021-06-23,214.7700042724609,-0.005049552185716122
1126,2021-06-24,216.97999572753903,0.010290037766514493
1127,2021-06-25,218.1199951171875,0.005253937745855364
1128,2021-06-28,215.22000122070312,-0.01329540602147139
1129,2021-06-29,213.3000030517578,-0.008921095428191195
1130,2021-06-30,212.67999267578125,-0.0029067527759298883
1131,2021-07-01,214.1999969482422,0.007146907677291869
1132,2021-07-02,213.5200042724609,-0.0031745690264672888
1133,2021-07-06,208.0399932861328,-0.025665094027140234
1134,2021-07-07,206.9499969482422,-0.005239359609051086
1135,2021-07-08,207.5500030517578,0.0028992805622785056
1136,2021-07-09,209.6199951171875,0.009973461985030685
1137,2021-07-12,210.2400054931641,0.0029577826086197856
1138,2021-07-13,210.42999267578125,0.0009036680824445753
1139,2021-07-14,210.1600036621093,-0.0012830348480216136
1140,2021-07-15,210.4199981689453,0.0012371264860369102
1141,2021-07-16,209.3300018310547,-0.005180098599827376
1142,2021-07-19,206.22000122070312,-0.014856927259101482
1143,2021-07-20,208.5800018310547,0.011444091729132522
1144,2021-07-21,212.0,0.016396577519044442
1145,2021-07-22,209.3600006103516,-0.012452827309662351
1146,2021-07-23,211.8999938964844,0.012132180353113808
1147,2021-07-26,210.42999267578125,-0.006937240505166198
1148,2021-07-27,211.9199981689453,0.007080765789218013
1149,2021-07-28,213.42999267578125,0.00712530445395787
1150,2021-07-29,214.6999969482422,0.005950448934279651
1151,2021-07-30,212.1300048828125,-0.011970154177734948
1152,2021-08-02,211.5,-0.0029698999118985547
1153,2021-08-03,208.7700042724609,-0.012907781217678882
1154,2021-08-04,208.5,-0.0012933097041495367
1155,2021-08-05,208.25,-0.0011990407673860837
1156,2021-08-06,209.83999633789065,0.007635036436449694
1157,2021-08-09,209.1100006103516,-0.0034788207218779954
1158,2021-08-10,208.92999267578125,-0.0008608289132271407
1159,2021-08-11,209.07000732421875,0.0006701510235285202
1160,2021-08-12,208.3800048828125,-0.003300341594843048
1161,2021-08-13,207.02999877929688,-0.006478577943573982
1162,2021-08-16,207.19000244140625,0.0007728525481949244
1163,2021-08-17,205.38999938964844,-0.008687692603637331
1164,2021-08-18,197.5800018310547,-0.038025208538889355
1165,2021-08-19,198.0800018310547,0.002530620484696211
1166,2021-08-20,198.3600006103516,0.0014135640988923726
1167,2021-08-23,201.83999633789065,0.017543838056216732
1168,2021-08-24,200.57000732421875,-0.006292058247691745
1169,2021-08-25,200.2899932861328,-0.0013960912791577407
1170,2021-08-26,199.33999633789065,-0.004743107394711399
1171,2021-08-27,199.8600006103516,0.002608629888702918
1172,2021-08-30,199.2899932861328,-0.002852033035515067
1173,2021-08-31,201.72000122070312,0.012193326390860904
1174,2021-09-01,199.2100067138672,-0.01244296297663483
1175,2021-09-02,197.6199951171875,-0.007981584976117562
1176,2021-09-03,195.3000030517578,-0.01173966259868564
1177,2021-09-07,193.759994506836,-0.007885348289081606
1178,2021-09-08,193.75,-5.158189058285245e-05
1179,2021-09-09,192.4600067138672,-0.006658029863911286
1180,2021-09-10,189.2100067138672,-0.016886625203291317
1181,2021-09-13,189.22999572753903,0.00010564459046857877
1182,2021-09-14,188.8500061035156,-0.00200808345718384
1183,2021-09-15,188.9600067138672,0.0005824760751731439
1184,2021-09-16,188.69000244140625,-0.0014288963953615896
1185,2021-09-17,188.6499938964844,-0.0002120331994498459
1186,2021-09-20,188.009994506836,-0.0033925227159009586
1187,2021-09-21,185.83999633789065,-0.011541929856640931
1188,2021-09-22,189.3300018310547,0.01877962527947208
1189,2021-09-23,193.47999572753903,0.02191936754000312
1190,2021-09-24,198.009994506836,0.023413266897504892
1191,2021-09-27,198.42999267578125,0.002121095806256079
1192,2021-09-28,197.88999938964844,-0.0027213289626791815
1193,2021-09-29,196.1600036621093,-0.0087422089689978
1194,2021-09-30,193.3800048828125,-0.014172097916991366
1195,2021-10-01,196.58999633789065,0.016599396907779562
1196,2021-10-04,194.7100067138672,-0.009562997400906492
1197,2021-10-05,198.32000732421875,0.018540395900949136
1198,2021-10-06,198.72000122070312,0.0020169114648651565
1199,2021-10-07,202.1100006103516,0.017059175567754936
1200,2021-10-08,201.52999877929688,-0.0028697334585283674
1201,2021-10-11,201.32000732421875,-0.0010419860881758503
1202,2021-10-12,202.8099975585937,0.007401103616966331
1203,2021-10-13,204.259994506836,0.007149533877507164
1204,2021-10-14,207.0500030517578,0.013659104180718362
1205,2021-10-15,211.8999938964844,0.023424249085928217
1206,2021-10-18,213.92999267578125,0.009579985076774156
1207,2021-10-19,217.5599975585937,0.016968190562759666
1208,2021-10-20,214.1699981689453,-0.0155819058084673
1209,2021-10-21,214.7899932861328,0.0028948738034653143
1210,2021-10-22,217.9499969482422,0.014712061831948509
1211,2021-10-25,217.69000244140625,-0.0011929089721330888
1212,2021-10-26,219.2700042724609,0.0072580358001508305
1213,2021-10-27,217.0599975585937,-0.010078928584874247
1214,2021-10-28,218.33999633789065,0.005896981450722816
1215,2021-10-29,220.5500030517578,0.010121859260485921
1216,2021-11-01,218.3300018310547,-0.010065750124619743
1217,2021-11-02,220.6000061035156,0.01039712478094268
1218,2021-11-03,220.44000244140625,-0.0007253112315611654
1219,2021-11-04,220.57000732421875,0.0005897517754158699
1220,2021-11-05,221.7100067138672,0.005168424317875342
1221,2021-11-08,220.6699981689453,-0.004690850721339235
1222,2021-11-09,221.72999572753903,0.004803541792673505
1223,2021-11-10,221.0800018310547,-0.002931465787258891
1224,2021-11-11,222.509994506836,0.0064682136056524175
1225,2021-11-12,224.8500061035156,0.010516433663422253
1226,2021-11-15,226.67999267578125,0.00813869923322641
1227,2021-11-16,225.6600036621093,-0.004499686988832963
1228,2021-11-17,226.4199981689453,0.0033678742112137616
1229,2021-11-18,226.1999969482422,-0.0009716510135246992
1230,2021-11-19,223.3099975585937,-0.012776301629702336
1231,2021-11-22,224.3300018310547,0.004567660577728283
1232,2021-11-23,227.94000244140625,0.016092366517565848
1233,2021-11-24,228.94000244140625,0.00438711937040126
1234,2021-11-26,222.1600036621093,-0.02961474057392921
1235,2021-11-29,225.3300018310547,0.014268986841424303
1236,2021-11-30,220.5200042724609,-0.021346458614064923
1237,2021-12-01,220.009994506836,-0.002312759639686801
1238,2021-12-02,226.5500030517578,0.029725961130000478
1239,2021-12-03,225.259994506836,-0.005694144901984832
1240,2021-12-06,224.4499969482422,-0.0035958340510801046
1241,2021-12-07,231.25,0.03029629380358556
1242,2021-12-08,231.97000122070312,0.0031135187922297636
1243,2021-12-09,227.63999938964844,-0.018666214632360956
1244,2021-12-10,228.3999938964844,0.0033385806926449213
1245,2021-12-13,227.8999938964844,-0.0021891419148926117
1246,2021-12-14,227.5500030517578,-0.0015357211676169102
1247,2021-12-15,227.6499938964844,0.0004394236140874419
1248,2021-12-16,229.08999633789065,0.0063255105645250165
1249,2021-12-17,224.77999877929688,-0.018813556364272066
1250,2021-12-20,221.9100036621093,-0.01276801820790796
1251,2021-12-21,225.1999969482422,0.014825799791984062
1252,2021-12-22,227.1999969482422,0.008880994791752528
1253,2021-12-23,228.9600067138672,0.007746521959795416
1254,2021-12-27,229.42999267578125,0.0020526989348903513
1255,2021-12-28,230.1199951171875,0.003007463990906123
1256,2021-12-29,229.1100006103516,-0.0043889906495155895
1257,2021-12-30,228.6600036621093,-0.001964108712162349
1258,2021-12-31,228.4600067138672,-0.0008746477085587179
1259,2021-08-20,198.3600006103516,-0.13175175181192256
1260,2021-08-23,201.83999633789065,0.017543838056216732
1261,2021-08-24,200.57000732421875,-0.006292058247691745
1262,2021-08-25,200.2899932861328,-0.0013960912791577407
1263,2021-08-26,199.33999633789065,-0.004743107394711399
1264,2021-08-27,199.8600006103516,0.002608629888702918
1265,2021-08-30,199.2899932861328,-0.002852033035515067
1266,2021-08-31,201.72000122070312,0.012193326390860904
1267,2021-09-01,199.2100067138672,-0.01244296297663483
1268,2021-09-02,197.6199951171875,-0.007981584976117562
1269,2021-09-03,195.3000030517578,-0.01173966259868564
1270,2021-09-07,193.759994506836,-0.007885348289081606
1271,2021-09-08,193.75,-5.158189058285245e-05
1272,2021-09-09,192.4600067138672,-0.006658029863911286
1273,2021-09-10,189.2100067138672,-0.016886625203291317
1274,2021-08-20,198.3600006103516,0.04835893225415644
1275,2021-08-23,201.83999633789065,0.017543838056216732
1276,2021-08-24,200.57000732421875,-0.006292058247691745
1277,2021-08-25,200.2899932861328,-0.0013960912791577407
1278,2021-08-26,199.33999633789065,-0.004743107394711399
1279,2021-08-27,199.8600006103516,0.002608629888702918
1280,2021-08-30,199.2899932861328,-0.002852033035515067
1281,2021-08-31,201.72000122070312,0.012193326390860904
1282,2021-09-01,199.2100067138672,-0.01244296297663483
1283,2021-09-02,197.6199951171875,-0.007981584976117562
1284,2021-09-03,195.3000030517578,-0.01173966259868564
1285,2021-09-07,193.759994506836,-0.007885348289081606
1286,2021-09-08,193.75,-5.158189058285245e-05
1287,2021-09-09,192.4600067138672,-0.006658029863911286
1288,2021-09-10,189.2100067138672,-0.016886625203291317
