,Date,Adj Close,daily_return
0,2017-01-03,6.480000019073486,
1,2017-01-04,6.510000228881836,0.004629661993834189
2,2017-01-05,6.650000095367432,0.021505355078864863
3,2017-01-06,6.550000190734863,-0.01503757942834183
4,2017-01-09,6.480000019073486,-0.010687048797402121
5,2017-01-10,6.599999904632568,0.018518500803375026
6,2017-01-11,6.650000095367432,0.0075757865844463534
7,2017-01-12,6.420000076293945,-0.03458646853760361
8,2017-01-13,6.420000076293945,0.0
9,2017-01-17,6.489999771118164,0.010903379126535384
10,2017-01-18,6.519999980926514,0.004622528638884793
11,2017-01-19,6.489999771118164,-0.004601259186520212
12,2017-01-20,6.699999809265137,0.03235748005439332
13,2017-01-23,6.679999828338623,-0.0029850718650553665
14,2017-01-24,6.809999942779541,0.019461095476292822
15,2017-01-25,7.079999923706055,0.03964757462484081
16,2017-01-26,6.989999771118164,-0.012711886095724712
17,2017-01-27,6.980000019073486,-0.0014305797384994712
18,2017-01-30,6.639999866485596,-0.048710623446820756
19,2017-01-31,6.730000019073486,0.013554240120116967
20,2017-02-01,6.900000095367432,0.025260040982488574
21,2017-02-02,6.869999885559082,-0.004347856433870367
22,2017-02-03,7.070000171661377,0.029112123643946664
23,2017-02-06,7.019999980926514,-0.0070721625913502395
24,2017-02-07,6.710000038146973,-0.044159536128464016
25,2017-02-08,6.619999885559082,-0.013412839355623207
26,2017-02-09,6.710000038146973,0.013595189447694445
27,2017-02-10,6.849999904632568,0.02086436150367854
28,2017-02-13,6.800000190734863,-0.007299228407856018
29,2017-02-14,6.71999979019165,-0.01176476445577379
30,2017-02-15,6.739999771118164,0.002976187730794999
31,2017-02-16,6.579999923706055,-0.02373885057054914
32,2017-02-17,6.559999942779541,-0.0030395108143480565
33,2017-02-21,6.599999904632568,0.006097555213709249
34,2017-02-22,6.599999904632568,0.0
35,2017-02-23,6.550000190734863,-0.007575714336391148
36,2017-02-24,6.460000038146973,-0.01374048091100788
37,2017-02-27,6.590000152587891,0.020123856605766877
38,2017-02-28,6.659999847412109,0.01062210822510079
39,2017-03-01,6.980000019073486,0.04804807492386365
40,2017-03-02,6.960000038146973,-0.002865326772473087
41,2017-03-03,6.96999979019165,0.0014367459755559864
42,2017-03-06,6.989999771118164,0.0028694378089735295
43,2017-03-07,7.510000228881836,0.07439205647935077
44,2017-03-08,7.730000019073486,0.029294245470935953
45,2017-03-09,7.539999961853027,-0.024579567496978094
46,2017-03-10,7.75,0.027851464086130262
47,2017-03-13,7.71999979019165,-0.003870994813980566
48,2017-03-14,7.730000019073486,0.0012953664706754076
49,2017-03-15,7.570000171661377,-0.02069855718205893
50,2017-03-16,7.96999979019165,0.0528401069299429
51,2017-03-17,8.289999961853027,0.04015058721271081
52,2017-03-20,7.96999979019165,-0.03860074464823626
53,2017-03-21,7.78000020980835,-0.02383934571957269
54,2017-03-22,7.730000019073486,-0.006426759561243611
55,2017-03-23,7.789999961853027,0.007761958943272029
56,2017-03-24,8.199999809265137,0.05263155961743826
57,2017-03-27,8.210000038146973,0.0012195401359078595
58,2017-03-28,8.270000457763672,0.007308211856018598
59,2017-03-29,8.329999923706055,0.007255074077542112
60,2017-03-30,8.239999771118164,-0.010804340145521785
61,2017-03-31,8.140000343322754,-0.012135853224889193
62,2017-04-03,8.140000343322754,0.0
63,2017-04-04,8.180000305175781,0.004914000020385556
64,2017-04-05,8.0,-0.022004926462152907
65,2017-04-06,8.079999923706055,0.009999990463256836
66,2017-04-07,8.140000343322754,0.007425794577133882
67,2017-04-10,8.119999885559082,-0.0024570585896938058
68,2017-04-11,8.119999885559082,0.0
69,2017-04-12,8.130000114440918,0.0012315552983714895
70,2017-04-13,8.09000015258789,-0.004920044439111093
71,2017-04-17,8.130000114440918,0.004944370963977374
72,2017-04-18,8.0,-0.015990173752889025
73,2017-04-19,7.949999809265137,-0.00625002384185791
74,2017-04-20,8.09000015258789,0.017610106500832057
75,2017-04-21,8.970000267028809,0.10877627909060261
76,2017-04-24,8.829999923706055,-0.015607618634901899
77,2017-04-25,8.65999984741211,-0.019252556938029297
78,2017-04-26,8.75,0.010392627502734397
79,2017-04-27,9.029999732971191,0.031999969482421786
80,2017-04-28,8.800000190734863,-0.025470603437177552
81,2017-05-01,8.960000038146973,0.018181800448205276
82,2017-05-02,8.050000190734863,-0.10156248253770184
83,2017-05-03,7.389999866485596,-0.08198761597656778
84,2017-05-04,7.21999979019165,-0.02300407027947493
85,2017-05-05,7.21999979019165,0.0
86,2017-05-08,7.159999847412109,-0.008310241623697978
87,2017-05-09,6.900000095367432,-0.03631281530524766
88,2017-05-10,6.960000038146973,0.008695643760907146
89,2017-05-11,7.0,0.0057471209243953325
90,2017-05-12,6.949999809265137,-0.00714288439069477
91,2017-05-15,6.860000133514404,-0.012949593988585861
92,2017-05-16,6.960000038146973,0.014577245289547625
93,2017-05-17,6.579999923706055,-0.05459771729284202
94,2017-05-18,6.730000019073486,0.022796367341437085
95,2017-05-19,7.210000038146973,0.07132243948188988
96,2017-05-22,6.809999942779541,-0.055478515014021346
97,2017-05-23,6.840000152587891,0.004405317189489555
98,2017-05-24,6.650000095367432,-0.027777785523670384
99,2017-05-25,6.579999923706055,-0.010526341452256616
100,2017-05-26,6.599999904632568,0.0030395108143479455
101,2017-05-30,6.610000133514404,0.0015151862161113527
102,2017-05-31,6.400000095367432,-0.03177005051516091
103,2017-06-01,6.599999904632568,0.03124996973201677
104,2017-06-02,6.75,0.022727287505283966
105,2017-06-05,6.679999828338623,-0.010370395801685528
106,2017-06-06,6.614999771118164,-0.009730547738146411
107,2017-06-07,6.630000114440918,0.002267625675248963
108,2017-06-08,6.730000019073486,0.01508294161485102
109,2017-06-09,6.820000171661377,0.013372979544252761
110,2017-06-12,6.610000133514404,-0.030791793674664336
111,2017-06-13,6.849999904632568,0.03630858793804004
112,2017-06-14,6.880000114440918,0.004379592733725568
113,2017-06-15,6.849999904632568,-0.004360495539146858
114,2017-06-16,6.849999904632568,0.0
115,2017-06-19,6.909999847412109,0.008759115856186162
116,2017-06-20,6.860000133514404,-0.007235848770160369
117,2017-06-21,6.699999809265137,-0.02332366197306457
118,2017-06-22,6.829999923706055,0.019403002707723438
119,2017-06-23,7.070000171661377,0.03513912893648974
120,2017-06-26,6.849999904632568,-0.03111743446777182
121,2017-06-27,6.829999923706055,-0.002919705285395424
122,2017-06-28,6.960000038146973,0.019033691931635843
123,2017-06-29,6.920000076293945,-0.0057471209243954435
124,2017-06-30,7.010000228881836,0.01300580225370318
125,2017-07-03,6.96999979019165,-0.005706196488465154
126,2017-07-05,6.900000095367432,-0.010042998125010527
127,2017-07-06,6.829999923706055,-0.010144952274475205
128,2017-07-07,6.849999904632568,0.00292825492678217
129,2017-07-10,6.75,-0.01459852642697701
130,2017-07-11,6.809999942779541,0.008888880411783928
131,2017-07-12,6.920000076293945,0.016152736334606566
132,2017-07-13,6.710000038146973,-0.030346825987238923
133,2017-07-14,6.679999828338623,-0.004470970139760944
134,2017-07-17,6.809999942779541,0.019461095476292822
135,2017-07-18,6.75,-0.008810564358837869
136,2017-07-19,7.0,0.03703703703703698
137,2017-07-20,6.800000190734863,-0.028571401323590928
138,2017-07-21,6.71999979019165,-0.01176476445577379
139,2017-07-24,6.75,0.004464317075148827
140,2017-07-25,6.840000152587891,0.0133333559389468
141,2017-07-26,6.920000076293945,0.011695895017749036
142,2017-07-27,7.139999866485596,0.031791876844815325
143,2017-07-28,7.130000114440918,-0.0014005255226425817
144,2017-07-31,7.130000114440918,0.0
145,2017-08-01,7.150000095367432,0.0028050463682329774
146,2017-08-02,6.570000171661377,-0.08111886936642743
147,2017-08-03,6.170000076293945,-0.060882813533668756
148,2017-08-04,6.079999923706055,-0.014586734436792703
149,2017-08-07,5.900000095367432,-0.02960523529561243
150,2017-08-08,5.699999809265137,-0.03389835302872812
151,2017-08-09,5.599999904632568,-0.017543843505051004
152,2017-08-10,5.429999828338623,-0.03035715699804098
153,2017-08-11,5.53000020980835,0.01841627709596505
154,2017-08-14,5.519999980926514,-0.0018083595845256317
155,2017-08-15,5.5,-0.003623184962974757
156,2017-08-16,5.480000019073486,-0.0036363601684570312
157,2017-08-17,5.360000133514404,-0.02189778925938224
158,2017-08-18,5.349999904632568,-0.001865714297152321
159,2017-08-21,5.300000190734863,-0.009345741082053105
160,2017-08-22,5.150000095367432,-0.028301903767787184
161,2017-08-23,5.119999885559082,-0.005825283350059718
162,2017-08-24,5.070000171661377,-0.00976556933892303
163,2017-08-25,5.110000133514404,0.007889538559900933
164,2017-08-28,5.510000228881836,0.07827790311471694
165,2017-08-29,5.480000019073486,-0.005444683949575424
166,2017-08-30,5.489999771118164,0.0018247722645754472
167,2017-08-31,5.699999809265137,0.038251374663391235
168,2017-09-01,5.730000019073486,0.005263194879337574
169,2017-09-05,5.730000019073486,0.0
170,2017-09-06,5.849999904632568,0.020942388335015272
171,2017-09-07,5.849999904632568,0.0
172,2017-09-08,6.25,0.06837608579286902
173,2017-09-11,6.389999866485596,0.022399978637695384
174,2017-09-12,6.340000152587891,-0.007824681524634225
175,2017-09-13,6.369999885559082,0.004731818966746459
176,2017-09-14,6.409999847412109,0.006279428975141332
177,2017-09-15,6.599999904632568,0.02964119527977327
178,2017-09-18,6.610000133514404,0.0015151862161113527
179,2017-09-19,6.650000095367432,0.006051431323006673
180,2017-09-20,6.679999828338623,0.004511237976085214
181,2017-09-21,6.900000095367432,0.03293417255723563
182,2017-09-22,6.920000076293945,0.002898547920302308
183,2017-09-25,6.900000095367432,-0.0028901706222559387
184,2017-09-26,6.909999847412109,0.0014492394067344705
185,2017-09-27,7.409999847412109,0.07235890174256032
186,2017-09-28,7.309999942779541,-0.013495264060969236
187,2017-09-29,7.059999942779541,-0.034199726669893904
188,2017-10-02,7.300000190734863,0.03399436967429126
189,2017-10-03,7.349999904632568,0.00684927569743965
190,2017-10-04,7.260000228881836,-0.012244854002515959
191,2017-10-05,7.329999923706055,0.009641830939032925
192,2017-10-06,7.230000019073486,-0.013642551933616964
193,2017-10-09,7.380000114440918,0.0207469011025887
194,2017-10-10,7.489999771118164,0.014905102299660244
195,2017-10-11,7.409999847412109,-0.010680898017452423
196,2017-10-12,7.239999771118164,-0.022941981078895224
197,2017-10-13,7.349999904632568,0.015193389087278408
198,2017-10-16,7.380000114440918,0.004081661251375213
199,2017-10-17,7.679999828338623,0.04065036710645531
200,2017-10-18,7.349999904632568,-0.04296874102631876
201,2017-10-19,7.079999923706055,-0.036734691759157445
202,2017-10-20,6.989999771118164,-0.012711886095724712
203,2017-10-23,7.320000171661377,0.04721035927736872
204,2017-10-24,7.159999847412109,-0.021857967281024404
205,2017-10-25,7.170000076293945,0.0013966800411944202
206,2017-10-26,7.139999866485596,-0.0041841296358613445
207,2017-10-27,7.179999828338623,0.005602235658404231
208,2017-10-30,6.599999904632568,-0.08077993559510444
209,2017-10-31,6.71999979019165,0.018181801105005002
210,2017-11-01,6.460000038146973,-0.03869044050033554
211,2017-11-02,6.349999904632568,-0.017027884344402833
212,2017-11-03,6.449999809265137,0.015748016714081325
213,2017-11-06,6.369999885559082,-0.012403089313450577
214,2017-11-07,5.960000038146973,-0.06436418442354874
215,2017-11-08,5.820000171661377,-0.023489910333813202
216,2017-11-09,6.019999980926514,0.034364227382496004
217,2017-11-10,5.989999771118164,-0.0049834235719935505
218,2017-11-13,5.869999885559082,-0.020033370641795778
219,2017-11-14,5.920000076293945,0.008517920223111153
220,2017-11-15,5.840000152587891,-0.01351350045186761
221,2017-11-16,5.880000114440918,0.006849308357518069
222,2017-11-17,6.019999980926514,0.023809500639594416
223,2017-11-20,6.25,0.03820598335584835
224,2017-11-21,6.429999828338623,0.028799972534179652
225,2017-11-22,6.389999866485596,-0.006220834046796964
226,2017-11-24,6.389999866485596,0.0
227,2017-11-27,6.389999866485596,0.0
228,2017-11-28,6.460000038146973,0.010954643681373888
229,2017-11-29,6.639999866485596,0.027863750352276284
230,2017-11-30,6.820000171661377,0.027108480240233934
231,2017-12-01,6.75,-0.010263954530711494
232,2017-12-04,6.690000057220459,-0.008888880411783817
233,2017-12-05,6.599999904632568,-0.013452937491495898
234,2017-12-06,6.389999866485596,-0.03181818805778658
235,2017-12-07,6.570000171661377,0.028169062431417258
236,2017-12-08,6.510000228881836,-0.0091324111433575
237,2017-12-11,6.610000133514404,0.015360967913474965
238,2017-12-12,6.550000190734863,-0.00907714698451001
239,2017-12-13,6.739999771118164,0.02900756867947263
240,2017-12-14,6.5,-0.03560827585582371
241,2017-12-15,6.639999866485596,0.021538440997783903
242,2017-12-18,6.769999980926514,0.019578330881763195
243,2017-12-19,6.900000095367432,0.01920238032602284
244,2017-12-20,7.0,0.014492739601511984
245,2017-12-21,6.880000114440918,-0.017142840794154623
246,2017-12-22,6.659999847412109,-0.03197678246647617
247,2017-12-26,6.679999828338623,0.003003000207918216
248,2017-12-27,6.639999866485596,-0.005988018395350125
249,2017-12-28,6.739999771118164,0.015060226904115348
250,2017-12-29,6.650000095367432,-0.013353068072256224
251,2018-01-02,6.75,0.015037579428341719
252,2018-01-03,6.730000019073486,-0.0029629601372612724
253,2018-01-04,6.889999866485596,0.023774122876471626
254,2018-01-05,6.929999828338623,0.0058055098154059515
255,2018-01-08,6.889999866485596,-0.00577200041036896
256,2018-01-09,6.849999904632568,-0.0058055098154058404
257,2018-01-10,6.800000190734863,-0.007299228407856018
258,2018-01-11,7.179999828338623,0.055882298080155435
259,2018-01-12,7.150000095367432,-0.004178235889753967
260,2018-01-16,7.070000171661377,-0.011188800369091978
261,2018-01-17,7.190000057220459,0.01697310928507134
262,2018-01-18,7.070000171661377,-0.01668983096023402
263,2018-01-19,7.199999809265137,0.018387501336256884
264,2018-01-22,7.119999885559082,-0.011111100809073515
265,2018-01-23,7.28000020980835,0.022471956014182393
266,2018-01-24,6.900000095367432,-0.0521978164133764
267,2018-01-25,7.110000133514404,0.030434787716592027
268,2018-01-26,7.0,-0.015471185857774739
269,2018-01-29,7.110000133514404,0.015714304787772138
270,2018-01-30,7.070000171661377,-0.00562587357269928
271,2018-01-31,7.059999942779541,-0.001414459496326459
272,2018-02-01,7.0,-0.008498575533404162
273,2018-02-02,6.840000152587891,-0.02285712105887272
274,2018-02-05,6.039999961853027,-0.11695908960355594
275,2018-02-06,6.360000133514404,0.05298016120569704
276,2018-02-07,6.269999980926514,-0.014150967090964306
277,2018-02-08,6.150000095367432,-0.01913873778694175
278,2018-02-09,5.920000076293945,-0.03739837650518685
279,2018-02-12,5.710000038146973,-0.0354729789595607
280,2018-02-13,5.489999771118164,-0.03852894318021827
281,2018-02-14,5.539999961853027,0.009107503245793236
282,2018-02-15,5.579999923706055,0.0072202097704794355
283,2018-02-16,5.730000019073486,0.026881737888592383
284,2018-02-20,5.639999866485596,-0.01570683286008845
285,2018-02-21,5.570000171661377,-0.01241129370235905
286,2018-02-22,5.489999771118164,-0.014362728559728422
287,2018-02-23,5.409999847412109,-0.014571935708798889
288,2018-02-26,5.489999771118164,0.014787416998601755
289,2018-02-27,5.489999771118164,0.0
290,2018-02-28,5.150000095367432,-0.061930726762395416
291,2018-03-01,5.110000133514404,-0.007766982740254447
292,2018-03-02,5.239999771118164,0.025440241527812324
293,2018-03-05,5.46999979019165,0.043893135328211486
294,2018-03-06,5.820000171661377,0.06398544696424269
295,2018-03-07,5.96999979019165,0.02577312957148159
296,2018-03-08,5.809999942779541,-0.026800645399515655
297,2018-03-09,5.96999979019165,0.027538700342149225
298,2018-03-12,5.909999847412109,-0.010050242024818412
299,2018-03-13,5.949999809265137,0.006768183229402647
300,2018-03-14,6.019999980926514,0.011764735110138203
301,2018-03-15,5.949999809265137,-0.01162793552876451
302,2018-03-16,6.039999961853027,0.01512607655007736
303,2018-03-19,6.019999980926514,-0.0033112551411966784
304,2018-03-20,5.75,-0.04485049531261942
305,2018-03-21,5.670000076293945,-0.013913030209748656
306,2018-03-22,5.5,-0.029982376367984398
307,2018-03-23,5.309999942779541,-0.03454546494917432
308,2018-03-26,5.110000133514404,-0.03766474791343333
309,2018-03-27,5.059999942779541,-0.009784772882280857
310,2018-03-28,5.010000228881836,-0.00988136649468807
311,2018-03-29,5.230000019073486,0.04391213176466291
312,2018-04-02,5.21999979019165,-0.001912089645385362
313,2018-04-03,4.929999828338623,-0.055555550480660076
314,2018-04-04,4.980000019073486,0.01014202687137078
315,2018-04-05,5.320000171661377,0.06827312274812924
316,2018-04-06,5.309999942779541,-0.0018797422103677963
317,2018-04-09,5.239999771118164,-0.013182706669622846
318,2018-04-10,5.360000133514404,0.022900833518668895
319,2018-04-11,5.389999866485596,0.0055969649671485655
320,2018-04-12,5.5,0.020408188541593875
321,2018-04-13,5.590000152587891,0.016363664106889164
322,2018-04-16,6.039999961853027,0.08050085813625762
323,2018-04-17,5.820000171661377,-0.036423806553163685
324,2018-04-18,5.900000095367432,0.013745690952998268
325,2018-04-19,5.949999809265137,0.008474527642289953
326,2018-04-20,5.889999866485596,-0.010084024319817808
327,2018-04-23,5.949999809265137,0.010186747731683932
328,2018-04-24,6.309999942779541,0.06050422605960826
329,2018-04-25,6.119999885559082,-0.030110944365042913
330,2018-04-26,6.309999942779541,0.031045761564275187
331,2018-04-27,6.420000076293945,0.01743266790996989
332,2018-04-30,6.210000038146973,-0.032710285927005645
333,2018-05-01,6.0,-0.03381643105587406
334,2018-05-02,5.900000095367432,-0.016666650772094727
335,2018-05-03,5.769999980926514,-0.02203391734569493
336,2018-05-04,5.869999885559082,0.017331006059468024
337,2018-05-07,5.980000019073486,0.01873937575109985
338,2018-05-08,6.139999866485596,0.026755827241100816
339,2018-05-09,6.119999885559082,-0.003257325954627577
340,2018-05-10,6.150000095367432,0.004901995158388628
341,2018-05-11,5.869999885559082,-0.045528488693725944
342,2018-05-14,5.519999980926514,-0.059625197863054646
343,2018-05-15,5.610000133514404,0.016304375525157955
344,2018-05-16,5.820000171661377,0.03743316098914562
345,2018-05-17,5.730000019073486,-0.015463943287513549
346,2018-05-18,5.570000171661377,-0.027923184446687066
347,2018-05-21,5.590000152587891,0.0035906607379059263
348,2018-05-22,5.550000190734863,-0.0071556280431422925
349,2018-05-23,5.559999942779541,0.0018017570632469226
350,2018-05-24,5.510000228881836,-0.008992754390696911
351,2018-05-25,5.670000076293945,0.02903808362356064
352,2018-05-29,5.639999866485596,-0.005291042223046771
353,2018-05-30,5.659999847412109,0.0035460959929021207
354,2018-05-31,5.650000095367432,-0.0017667406915655715
355,2018-06-01,5.53000020980835,-0.021238917439571847
356,2018-06-04,5.300000190734863,-0.041591321943450166
357,2018-06-05,5.320000171661377,0.003773581171086837
358,2018-06-06,5.210000038146973,-0.020676716158836594
359,2018-06-07,5.199999809265137,-0.0019194297137458127
360,2018-06-08,5.199999809265137,0.0
361,2018-06-11,5.349999904632568,0.02884617324411587
362,2018-06-12,5.170000076293945,-0.03364482832658766
363,2018-06-13,5.25,0.015473872828915214
364,2018-06-14,5.420000076293945,0.032380966913132525
365,2018-06-15,5.309999942779541,-0.020295227300000218
366,2018-06-18,5.159999847412109,-0.02824860583499622
367,2018-06-19,5.0,-0.031007723283626443
368,2018-06-20,4.96999979019165,-0.006000041961669922
369,2018-06-21,5.059999942779541,0.018108683377715096
370,2018-06-22,5.039999961853027,-0.003952565445193956
371,2018-06-25,4.96999979019165,-0.013888923053808955
372,2018-06-26,5.150000095367432,0.03621736675542997
373,2018-06-27,5.03000020980835,-0.02330094822076323
374,2018-06-28,4.900000095367432,-0.02584495209113946
375,2018-06-29,4.75,-0.03061226376490178
376,2018-07-02,4.75,0.0
377,2018-07-03,4.429999828338623,-0.06736845719186879
378,2018-07-05,4.619999885559082,0.0428894050977231
379,2018-07-06,4.690000057220459,0.015151552682972858
380,2018-07-09,4.849999904632568,0.03411510564179698
381,2018-07-10,4.809999942779541,-0.00824741497722925
382,2018-07-11,4.53000020980835,-0.05821200338921184
383,2018-07-12,4.46999979019165,-0.013245125129748625
384,2018-07-13,4.619999885559082,0.03355706988992946
385,2018-07-16,4.440000057220459,-0.03896100276999048
386,2018-07-17,4.599999904632568,0.036036001204980295
387,2018-07-18,4.369999885559082,-0.05000000518301273
388,2018-07-19,4.420000076293945,0.011441691543309096
389,2018-07-20,4.300000190734863,-0.027149294906731902
390,2018-07-23,4.150000095367432,-0.034883741561368864
391,2018-07-24,4.050000190734863,-0.024096362008327765
392,2018-07-25,4.090000152587891,0.009876533325735348
393,2018-07-26,4.190000057220459,0.024449853521226528
394,2018-07-27,3.990000009536743,-0.04773270762587789
395,2018-07-30,3.9800000190734863,-0.002506263268008846
396,2018-07-31,4.599999904632568,0.15577886497181814
397,2018-08-01,4.860000133514404,0.05652179005916813
398,2018-08-02,4.989999771118164,0.026748895891439695
399,2018-08-03,5.139999866485596,0.03006014073099239
400,2018-08-06,5.03000020980835,-0.021400711971702235
401,2018-08-07,5.110000133514404,0.01590455673342861
402,2018-08-08,5.139999866485596,0.005870789077760508
403,2018-08-09,5.0,-0.02723732881754304
404,2018-08-10,5.039999961853027,0.007999992370605558
405,2018-08-13,5.010000228881836,-0.005952328015526698
406,2018-08-14,4.929999828338623,-0.015968143091495968
407,2018-08-15,4.96999979019165,0.008113582808481956
408,2018-08-16,5.090000152587891,0.0241449431513181
409,2018-08-17,5.059999942779541,-0.005893950669745407
410,2018-08-20,5.03000020980835,-0.005928801049494115
411,2018-08-21,5.179999828338623,0.029820996475860673
412,2018-08-22,5.289999961853027,0.021235547714233194
413,2018-08-23,5.409999847412109,0.022684288549039477
414,2018-08-24,5.400000095367432,-0.0018483830548463587
415,2018-08-27,5.190000057220459,-0.03888889526634043
416,2018-08-28,5.210000038146973,0.003853560829674585
417,2018-08-29,5.190000057220459,-0.0038387679040453593
418,2018-08-30,5.010000228881836,-0.034682047467071375
419,2018-08-31,5.179999828338623,0.033932054229611985
420,2018-09-04,5.019999980926514,-0.03088800245451473
421,2018-09-05,5.03000020980835,0.001992077474070042
422,2018-09-06,5.019999980926514,-0.001988116990996547
423,2018-09-07,5.0,-0.003984059960658093
424,2018-09-10,4.989999771118164,-0.002000045776367143
425,2018-09-11,4.96999979019165,-0.004008012393562077
426,2018-09-12,4.980000019073486,0.0020121185722323798
427,2018-09-13,4.929999828338623,-0.010040198904289532
428,2018-09-14,4.840000152587891,-0.018255512958316178
429,2018-09-17,4.980000019073486,0.028925591337169543
430,2018-09-18,4.920000076293945,-0.0120481812348876
431,2018-09-19,5.46999979019165,0.11178855800181209
432,2018-09-20,5.260000228881836,-0.03839114613612382
433,2018-09-21,5.010000228881836,-0.04752851504212663
434,2018-09-24,4.730000019073486,-0.05588826287755322
435,2018-09-25,4.590000152587891,-0.029598280321575743
436,2018-09-26,4.340000152587891,-0.054466229126168386
437,2018-09-27,4.300000190734863,-0.009216580748084957
438,2018-09-28,4.21999979019165,-0.018604743487125486
439,2018-10-01,4.110000133514404,-0.02606627065075051
440,2018-10-02,4.059999942779541,-0.01216549613396456
441,2018-10-03,4.090000152587891,0.0073892143426512735
442,2018-10-04,3.7899999618530273,-0.07334967714977769
443,2018-10-05,3.829999923706055,0.010554079750827006
444,2018-10-08,3.7799999713897705,-0.013054818097203214
445,2018-10-09,3.430000066757202,-0.09259256806393201
446,2018-10-10,3.150000095367432,-0.08163264313125462
447,2018-10-11,3.5799999237060547,0.13650787787943397
448,2018-10-12,3.569999933242798,-0.0027932934850189994
449,2018-10-15,3.5799999237060547,0.0028011178292022265
450,2018-10-16,3.660000085830689,0.022346414477522503
451,2018-10-17,3.5799999237060547,-0.021857967281024515
452,2018-10-18,3.630000114440918,0.01396653402246506
453,2018-10-19,3.559999942779541,-0.01928379323816032
454,2018-10-22,3.4100000858306885,-0.04213479195500691
455,2018-10-23,3.3499999046325684,-0.017595360612286837
456,2018-10-24,3.2300000190734863,-0.0358208623806644
457,2018-10-25,3.390000104904175,0.049535629995625774
458,2018-10-26,3.690000057220459,0.08849555841673462
459,2018-10-29,3.890000104904175,0.0542005540873538
460,2018-10-30,3.75,-0.03598974322074566
461,2018-10-31,3.7300000190734863,-0.005333328247070335
462,2018-11-01,3.7699999809265137,0.010723850307905236
463,2018-11-02,3.650000095367432,-0.03183020853214713
464,2018-11-05,3.369999885559082,-0.07671238424451698
465,2018-11-06,3.299999952316284,-0.020771494249230527
466,2018-11-07,3.184999942779541,-0.03484848824195408
467,2018-11-08,3.049999952316284,-0.042386183010553746
468,2018-11-09,2.9200000762939453,-0.04262291083762548
469,2018-11-12,2.9200000762939453,0.0
470,2018-11-13,2.950000047683716,0.010273962536277104
471,2018-11-14,2.900000095367432,-0.016949136104435936
472,2018-11-15,2.869999885559082,-0.010344899593718426
473,2018-11-16,2.8399999141693115,-0.010452952120563075
474,2018-11-19,2.799999952316284,-0.014084494035883521
475,2018-11-20,2.690000057220459,-0.03928567748896872
476,2018-11-21,2.930000066757202,0.08921933250244307
477,2018-11-23,2.880000114440918,-0.01706482975327095
478,2018-11-26,2.809999942779541,-0.02430561419438204
479,2018-11-27,2.75,-0.021352293238907083
480,2018-11-28,2.700000047683716,-0.018181800842285156
481,2018-11-29,2.7300000190734863,0.01111110031850071
482,2018-11-30,2.690000057220459,-0.014652000576396595
483,2018-12-03,2.7300000190734863,0.01486987397850048
484,2018-12-04,2.5999999046325684,-0.04761908920610103
485,2018-12-06,2.440000057220459,-0.06153840510802655
486,2018-12-07,2.400000095367432,-0.016393426604503047
487,2018-12-10,2.390000104904175,-0.004166662527455567
488,2018-12-11,2.490000009536743,0.041840962444885665
489,2018-12-12,2.5899999141693115,0.040160604116292076
490,2018-12-13,2.400000095367432,-0.07335900582947241
491,2018-12-14,2.5199999809265137,0.04999995032946436
492,2018-12-17,2.490000009536743,-0.011904750641601458
493,2018-12-18,2.450000047683716,-0.016064241646516764
494,2018-12-19,2.3550000190734863,-0.03877552112704841
495,2018-12-20,2.130000114440918,-0.09554136000435731
496,2018-12-21,2.2100000381469727,0.03755864760929972
497,2018-12-24,1.9900000095367432,-0.09954752253972532
498,2018-12-26,1.899999976158142,-0.04522614720969398
499,2018-12-27,1.830000042915344,-0.03684207059009548
500,2018-12-28,1.7999999523162842,-0.01639349174618987
501,2018-12-31,1.7999999523162842,0.0
502,2019-01-02,1.8600000143051147,0.033333368654605344
503,2019-01-03,1.9800000190734863,0.06451613109971022
504,2019-01-04,2.069999933242798,0.04545450166784626
505,2019-01-07,2.119999885559082,0.024154567115350467
506,2019-01-08,2.1600000858306885,0.01886802001456611
507,2019-01-09,2.200000047683716,0.01851850012202405
508,2019-01-10,2.190000057220459,-0.004545450112051319
509,2019-01-11,2.180000066757202,-0.00456620557167875
510,2019-01-14,2.0999999046325684,-0.03669732095175382
511,2019-01-15,2.059999942779541,-0.01904760174740394
512,2019-01-16,2.1449999809265137,0.04126215558641366
513,2019-01-17,2.240000009536743,0.04428905802096783
514,2019-01-18,2.2799999713897705,0.017857125751218117
515,2019-01-22,2.2799999713897705,0.0
516,2019-01-23,2.380000114440918,0.04385971241490516
517,2019-01-24,2.5,0.0504201175583856
518,2019-01-25,2.319999933242798,-0.07200002670288086
519,2019-01-28,2.289999961853028,-0.012931022522848723
520,2019-01-29,2.400000095367432,0.0480349936012201
521,2019-01-30,2.369999885559082,-0.01250008692343707
522,2019-01-31,2.400000095367432,0.01265831698606723
523,2019-02-01,2.359999895095825,-0.016666749450892415
524,2019-02-04,2.299999952316284,-0.025423705697709242
525,2019-02-05,2.369999885559082,0.03043475421480002
526,2019-02-06,2.470000028610229,0.042194155223580054
527,2019-02-07,2.400000095367432,-0.028340053616186855
528,2019-02-08,2.309999942779541,-0.03750006208816936
529,2019-02-11,2.25,-0.025974001846660322
530,2019-02-12,2.549999952316284,0.13333331214057065
531,2019-02-13,3.049999952316284,0.19607843503911693
532,2019-02-14,3.299999952316284,0.08196721439623
533,2019-02-15,3.4100000858306885,0.03333337427389793
534,2019-02-19,3.4100000858306885,0.0
535,2019-02-20,3.5,0.026392936042225035
536,2019-02-21,3.559999942779541,0.017142840794154512
537,2019-02-22,3.4200000762939453,-0.039325805824673155
538,2019-02-25,3.2300000190734863,-0.05555557104734077
539,2019-02-26,3.140000104904175,-0.027863750352276395
540,2019-02-27,3.0799999237060547,-0.01910833732279482
541,2019-02-28,2.990000009536743,-0.029220752077492862
542,2019-03-01,2.789999961853028,-0.06688964784140672
543,2019-03-04,2.869999885559082,0.028673808171997495
544,2019-03-05,2.759999990463257,-0.038327491108731127
545,2019-03-06,2.5999999046325684,-0.057971045791138986
546,2019-03-07,2.305000066757202,-0.11346148026765235
547,2019-03-08,2.430000066757202,0.0542299333534757
548,2019-03-11,2.789999961853028,0.14814810090776653
549,2019-03-12,3.0299999713897705,0.08602150997068203
550,2019-03-13,2.950000047683716,-0.026402615333808388
551,2019-03-14,2.9600000381469727,0.0033898272208872093
552,2019-03-15,2.930000066757202,-0.010135125338900708
553,2019-03-18,2.75,-0.06143346848330222
554,2019-03-19,2.7300000190734863,-0.0072727203369140625
555,2019-03-20,2.799999952316284,0.025641001008694042
556,2019-03-21,2.759999990463257,-0.014285700905079524
557,2019-03-22,2.789999961853028,0.010869554888924382
558,2019-03-25,2.7699999809265137,-0.00716845204299954
559,2019-03-26,2.7799999713897705,0.0036101048852397177
560,2019-03-27,2.8299999237060547,0.017985594543473482
561,2019-03-28,2.819999933242798,-0.0035335656299810836
562,2019-03-29,2.7699999809265137,-0.01773047996451116
563,2019-04-01,2.75,-0.0072202097704795465
564,2019-04-02,2.759999990463257,0.0036363601684570312
565,2019-04-03,2.75,-0.003623184962974757
566,2019-04-04,2.5,-0.09090909090909094
567,2019-04-05,2.630000114440918,0.05200004577636719
568,2019-04-08,2.7100000381469727,0.030418220617857594
569,2019-04-09,2.740000009536743,0.011070099987999793
570,2019-04-10,2.509999990463257,-0.0839416125083784
571,2019-04-11,2.450000047683716,-0.023904359763948557
572,2019-04-12,2.4600000381469727,0.004081628681073202
573,2019-04-15,2.5299999713897705,0.028455256974518672
574,2019-04-16,2.5999999046325684,0.02766795811635747
575,2019-04-17,2.690000057220459,0.03461544457272181
576,2019-04-18,2.721100091934204,0.011561350948773086
577,2019-04-22,2.740000009536743,0.0069456899650848225
578,2019-04-23,2.8399999141693115,0.036496315432303694
579,2019-04-24,2.75,-0.03169011158073787
580,2019-04-25,2.5899999141693115,-0.05818184939297766
581,2019-04-26,2.869999885559082,0.10810810064431009
582,2019-04-29,2.859999895095825,-0.003484317373521062
583,2019-04-30,2.7300000190734863,-0.04545450377297411
584,2019-05-01,2.7100000381469727,-0.007326000288198298
585,2019-05-02,2.690000057220459,-0.00738006665866664
586,2019-05-03,2.7100000381469727,0.007434936989250351
587,2019-05-06,2.765000104904175,0.02029522730000033
588,2019-05-07,2.8299999237060547,0.023508071007517284
589,2019-05-08,2.700000047683716,-0.0459363531897542
590,2019-05-09,2.7799999713897705,0.029629600849335302
591,2019-05-10,2.75,-0.010791356726084111
592,2019-05-13,2.7799999713897705,0.010909080505371094
593,2019-05-14,2.789999961853028,0.003597118908694741
594,2019-05-15,2.890000104904175,0.035842345669685916
595,2019-05-16,2.799999952316284,-0.031141920180267513
596,2019-05-17,2.759999990463257,-0.014285700905079524
597,2019-05-20,2.8499999046325684,0.03260866466677248
598,2019-05-21,2.805000066757202,-0.015789417326723676
599,2019-05-22,2.755000114440918,-0.01782529451918624
600,2019-05-23,2.7799999713897705,0.009074357862205007
601,2019-05-24,2.7699999809265137,-0.003597118908694741
602,2019-05-28,2.7249999046325684,-0.01624551501942384
603,2019-05-29,2.720000028610229,-0.0018348169531453573
604,2019-05-30,2.6600000858306885,-0.022058802260453425
605,2019-05-31,2.619999885559082,-0.015037668789816938
606,2019-06-03,2.640000104904175,0.007633671839197387
607,2019-06-04,2.5199999809265137,-0.04545459060957757
608,2019-06-05,2.569999933242798,0.019841251069335764
609,2019-06-06,2.539999961853028,-0.011673140921804048
610,2019-06-07,2.559999942779541,0.007874008357040552
611,2019-06-10,2.5799999237060547,0.007812492724042164
612,2019-06-11,2.650000095367432,0.027131850283478087
613,2019-06-12,2.5999999046325684,-0.01886799582470622
614,2019-06-13,2.650000095367432,0.01923084329571534
615,2019-06-14,2.5999999046325684,-0.01886799582470622
616,2019-06-17,2.619999885559082,0.0076923006385032355
617,2019-06-18,2.509999990463257,-0.04198469461854659
618,2019-06-19,2.4800000190734863,-0.011952179881974279
619,2019-06-20,2.490000009536743,0.004032254188043316
620,2019-06-21,2.319999933242798,-0.06827312274812936
621,2019-06-24,2.259999990463257,-0.02586204504569778
622,2019-06-25,2.2699999809265137,0.004424774559935729
623,2019-06-26,2.309999942779541,0.017621128717675738
624,2019-06-27,2.509999990463257,0.08658010936704308
625,2019-06-28,2.5799999237060547,0.02788841972460654
626,2019-07-01,2.539999961853028,-0.015503861641813055
627,2019-07-02,2.5999999046325684,0.023622025071121877
628,2019-07-03,2.509999990463257,-0.03461535287326489
629,2019-07-05,2.5999999046325684,0.035856539645922725
630,2019-07-08,2.559999942779541,-0.015384601277006582
631,2019-07-09,2.5199999809265137,-0.015624985448084439
632,2019-07-10,2.5450000762939453,0.009920672839941913
633,2019-07-11,2.569999933242798,0.009823126208018618
634,2019-07-12,2.690000057220459,0.046692656457094195
635,2019-07-15,2.7100000381469727,0.007434936989250351
636,2019-07-16,2.75,0.01476013331733328
637,2019-07-17,2.440000057220459,-0.11272725191983313
638,2019-07-18,2.390000104904175,-0.02049178325562906
639,2019-07-19,2.289999961853028,-0.04184106220160877
640,2019-07-22,2.720000028610229,0.18777295804374283
641,2019-07-23,2.6700000762939453,-0.018382335217044465
642,2019-07-24,2.799999952316284,0.04868909075193106
643,2019-07-25,2.690000057220459,-0.03928567748896872
644,2019-07-26,2.7300000190734863,0.01486987397850048
645,2019-07-29,2.809999942779541,0.02930400115279319
646,2019-07-30,2.809999942779541,0.0
647,2019-07-31,2.5899999141693115,-0.07829182672246393
648,2019-08-01,2.180000066757202,-0.1583011046328966
649,2019-08-02,2.240000009536743,0.027522908689077363
650,2019-08-05,2.119999885559082,-0.05357148369051945
651,2019-08-06,2.25,0.06132081200873962
652,2019-08-07,2.369999885559082,0.053333282470703125
653,2019-08-08,2.390000104904175,0.00843891152356524
654,2019-08-09,2.470000028610229,0.03347276995590831
655,2019-08-12,2.400000095367432,-0.028340053616186855
656,2019-08-13,2.400000095367432,0.0
657,2019-08-14,2.400000095367432,0.0
658,2019-08-15,2.180000066757202,-0.0916666749450894
659,2019-08-16,2.234999895095825,0.02522927828182886
660,2019-08-19,2.2300000190734863,-0.002237081099336957
661,2019-08-20,2.220000028610229,-0.004484300617814352
662,2019-08-21,2.259999990463257,0.01801800060249037
663,2019-08-22,2.220000028610229,-0.01769909823974314
664,2019-08-23,2.220000028610229,0.0
665,2019-08-26,2.180000066757202,-0.018018000602490036
666,2019-08-27,2.200000047683716,0.009174302896359121
667,2019-08-28,2.140000104904175,-0.027272700672307915
668,2019-08-29,2.1600000858306885,0.009345785021542818
669,2019-08-30,2.25,0.04166662527455389
670,2019-09-03,2.200000047683716,-0.0222222010294596
671,2019-09-04,2.130000114440918,-0.03181815078435912
672,2019-09-05,2.130000114440918,0.0
673,2019-09-06,2.109999895095825,-0.009389773835924098
674,2019-09-09,2.150000095367432,0.018957441829536403
675,2019-09-10,2.059999942779541,-0.04186053423058578
676,2019-09-11,2.0199999809265137,-0.019417457749564604
677,2019-09-12,2.0,-0.009900980750178201
678,2019-09-13,1.7999999523162842,-0.10000002384185791
679,2019-09-16,1.9299999475479128,0.07222222148636259
680,2019-09-17,1.899999976158142,-0.01554402704926805
681,2019-09-18,2.5199999809265137,0.32631579607807715
682,2019-09-19,2.390000104904175,-0.051587252780272874
683,2019-09-20,2.2100000381469727,-0.07531383215751741
684,2019-09-23,2.2100000381469727,0.0
685,2019-09-24,2.130000114440918,-0.03619905987564265
686,2019-09-25,2.0999999046325684,-0.014084604787086619
687,2019-09-26,2.190000057220459,0.042857217464320696
688,2019-09-27,2.1600000858306885,-0.01369861671503625
689,2019-09-30,2.0999999046325684,-0.027777860562003376
690,2019-10-01,2.180000066757202,0.0380953170274696
691,2019-10-02,2.220000028610229,0.01834860579271802
692,2019-10-03,2.115000009536743,-0.047297305279414004
693,2019-10-04,2.075500011444092,-0.018676121945409907
694,2019-10-07,2.039999961853028,-0.0171043360131633
695,2019-10-08,2.150000095367432,0.05392163508399572
696,2019-10-09,2.0799999237060547,-0.032558217933201794
697,2019-10-10,2.190000057220459,0.05288468151403136
698,2019-10-11,2.299999952316284,0.050228261288466136
699,2019-10-14,2.1700000762939453,-0.056521686398914306
700,2019-10-15,2.180000066757202,0.004608290374042534
701,2019-10-16,2.1700000762939453,-0.0045871514481795606
702,2019-10-17,2.2100000381469727,0.018433161496169914
703,2019-10-18,2.2100000381469727,0.0
704,2019-10-21,2.1700000762939453,-0.018099529937821268
705,2019-10-22,2.150000095367432,-0.009216580748084735
706,2019-10-23,2.150000095367432,0.0
707,2019-10-24,2.200000047683716,0.023255790743459848
708,2019-10-25,2.2472000122070312,0.02145452886376531
709,2019-10-28,2.140000104904175,-0.04770376767556739
710,2019-10-29,2.220000028610229,0.037383140086171496
711,2019-10-30,2.220000028610229,0.0
712,2019-10-31,2.119999885559082,-0.04504510890198021
713,2019-11-01,2.119999885559082,0.0
714,2019-11-04,2.130000114440918,0.004717089349841386
715,2019-11-05,2.059999942779541,-0.03286392859173648
716,2019-11-06,2.0,-0.02912618662434696
717,2019-11-07,1.9900000095367432,-0.004999995231628418
718,2019-11-08,1.9900000095367432,0.0
719,2019-11-11,1.9850000143051147,-0.002512560405862674
720,2019-11-12,2.0299999713897705,0.02267000340572234
721,2019-11-13,1.9700000286102293,-0.029556622475449768
722,2019-11-14,1.919999957084656,-0.025380746598692494
723,2019-11-15,1.870000004768372,-0.026041642413473953
724,2019-11-18,1.850000023841858,-0.010695176938778306
725,2019-11-19,1.950000047683716,0.05405406624492359
726,2019-11-20,2.069999933242798,0.06153840134600119
727,2019-11-21,1.950000047683716,-0.05797096107684108
728,2019-11-22,1.850000023841858,-0.051282062254635274
729,2019-11-25,1.850000023841858,0.0
730,2019-11-26,1.815000057220459,-0.0189189006326147
731,2019-11-27,1.840000033378601,0.013774091112937814
732,2019-11-29,1.820000052452088,-0.010869554654186153
733,2019-12-02,1.809999942779541,-0.00549456559579431
734,2019-12-03,1.830000042915344,0.011049779429876505
735,2019-12-04,1.899999976158142,0.03825132874384107
736,2019-12-05,1.909999966621399,0.005263152941442195
737,2019-12-06,1.9700000286102293,0.031413645569305704
738,2019-12-09,1.909999966621399,-0.030456883815965452
739,2019-12-10,1.7999999523162842,-0.05759163153269253
740,2019-12-11,1.7100000381469729,-0.04999995364083054
741,2019-12-12,1.6799999475479126,-0.01754391223965679
742,2019-12-13,1.7999999523162842,0.07142857649699375
743,2019-12-16,1.690000057220459,-0.061111054449904056
744,2019-12-17,1.7200000286102295,0.017751461759777376
745,2019-12-18,1.690000057220459,-0.01744184354113687
746,2019-12-19,1.6699999570846558,-0.011834378377890364
747,2019-12-20,1.659999966621399,-0.005988018395350125
748,2019-12-23,1.6100000143051147,-0.030120453808230585
749,2019-12-24,1.6100000143051147,0.0
750,2019-12-26,1.5099999904632568,-0.062111815498969714
751,2019-12-27,1.5499999523162842,0.02649004112957365
752,2019-12-30,1.565000057220459,0.009677487332666601
753,2019-12-31,1.5399999618530271,-0.01597450124815558
754,2020-01-02,1.600000023841858,0.03896108017862221
755,2020-01-03,1.590000033378601,-0.006249993946403354
756,2020-01-06,1.600000023841858,0.006289302046118772
757,2020-01-07,1.600000023841858,0.0
758,2020-01-08,1.6100000143051147,0.006249993946403354
759,2020-01-09,1.6200000047683716,0.006211174145593246
760,2020-01-10,1.5289000272750854,-0.05623455384267828
761,2020-01-13,1.4299999475479126,-0.06468708088352881
762,2020-01-14,1.4299999475479126,0.0
763,2020-01-15,1.399999976158142,-0.020979001741372683
764,2020-01-16,1.4600000381469729,0.042857187864732804
765,2020-01-17,1.4500000476837158,-0.006849308357518291
766,2020-01-21,1.4199999570846558,-0.02068971697413624
767,2020-01-22,1.4300999641418457,0.007112681241150165
768,2020-01-23,1.4299999475479126,-6.993678514854995e-05
769,2020-01-24,1.4600000381469729,0.020979085104515516
770,2020-01-27,1.409999966621399,-0.03424662343778695
771,2020-01-28,1.440000057220459,0.021276660503010802
772,2020-01-29,1.4500000476837158,0.006944437545759019
773,2020-01-30,1.4299999475479126,-0.01379317205385755
774,2020-01-31,1.4500000476837158,0.013986084524057807
775,2020-02-03,1.3799999952316284,-0.04827589665525056
776,2020-02-04,1.4250999689102173,0.03268114045972803
777,2020-02-05,1.350000023841858,-0.052698018880590336
778,2020-02-06,1.3899999856948853,0.029629600849335302
779,2020-02-07,1.3799999952316284,-0.007194237817389371
780,2020-02-10,1.3489999771118164,-0.02246378132386062
781,2020-02-11,1.3402999639511108,-0.006449231510983533
782,2020-02-12,1.25,-0.06737295111529573
783,2020-02-13,1.25,0.0
784,2020-02-14,1.2799999713897705,0.02399997711181645
785,2020-02-18,1.3148000240325928,0.027187541734893905
786,2020-02-19,1.2999999523162842,-0.01125651920123616
787,2020-02-20,1.3299000263214111,0.023000057770657723
788,2020-02-21,1.2899999618530271,-0.030002303691015197
789,2020-02-24,1.3099000453948977,0.015426421806466584
790,2020-02-25,1.1800999641418457,-0.09909159230078579
791,2020-02-26,1.2000000476837158,0.016863049018344123
792,2020-02-27,1.2300000190734863,0.02499997516473229
793,2020-02-28,1.340000033378601,0.08943090455232161
794,2020-03-02,1.2100000381469729,-0.09701491939806406
795,2020-03-03,1.340000033378601,0.10743800920098634
796,2020-03-04,1.149999976158142,-0.14179108394602313
797,2020-03-05,1.2799999713897705,0.11304347645808255
798,2020-03-06,1.1299999952316284,-0.11718748399289292
799,2020-03-09,1.059999942779541,-0.06194694933404732
800,2020-03-10,0.9301000237464904,-0.12254710004269054
801,2020-03-11,0.9980000257492064,0.07300290320304637
802,2020-03-12,0.9480000138282776,-0.050100211052994115
803,2020-03-13,0.9300000071525574,-0.01898734853708639
804,2020-03-16,0.75,-0.19354839329913054
805,2020-03-17,0.8500000238418579,0.1333333651224773
806,2020-03-18,0.6800000071525574,-0.20000001402462186
807,2020-03-19,0.6899999976158142,0.014705868173635617
808,2020-03-20,0.6402000188827515,-0.07217388247121548
809,2020-03-23,0.5899999737739563,-0.07841306408644289
810,2020-03-24,0.6301000118255615,0.06796616921032017
811,2020-03-25,0.659850001335144,0.047214710286053174
812,2020-03-26,0.7287999987602234,0.104493441366319
813,2020-03-27,0.7028999924659729,-0.035537879168920816
814,2020-03-30,0.699999988079071,-0.0041257709745134985
815,2020-03-31,0.699999988079071,0.0
816,2020-04-01,0.7231000065803528,0.033000026992389575
817,2020-04-02,0.699999988079071,-0.03194581425953125
818,2020-04-03,0.6557000279426575,-0.06328565841548206
819,2020-04-06,0.7099000215530396,0.08265973966852114
820,2020-04-07,0.75,0.05648679705521653
821,2020-04-08,0.7522000074386597,0.00293334325154615
822,2020-04-09,0.75,-0.0029247639150535854
823,2020-04-13,0.8500999808311462,0.13346664110819506
824,2020-04-14,0.9595800042152404,0.12878487925273818
825,2020-04-15,0.959999978542328,0.00043766473378226145
826,2020-04-16,0.800000011920929,-0.16666663562258022
827,2020-04-17,0.8120999932289124,0.015124976409599533
828,2020-04-20,0.8399999737739563,0.03435535128391454
829,2020-04-21,0.8200100064277649,-0.0237975809170331
830,2020-04-22,0.8200100064277649,0.0
831,2020-04-23,0.8199999928474426,-1.2211534302974947e-05
832,2020-04-24,0.8700000047683716,0.06097562482568364
833,2020-04-27,0.8309000134468079,-0.044942518514093255
834,2020-04-28,0.9300000071525574,0.11926825382353146
835,2020-04-29,1.0399999618530271,0.11827952027362221
836,2020-04-30,1.1200000047683716,0.07692312100935439
837,2020-05-01,1.159999966621399,0.035714251502436234
838,2020-05-04,1.0499999523162842,-0.09482760126752365
839,2020-05-05,1.1060999631881714,0.053428584209105345
840,2020-05-06,1.1299999952316284,0.02160747928656348
841,2020-05-07,1.190000057220459,0.05309740021417575
842,2020-05-08,1.25,0.0504201175583856
843,2020-05-11,1.1399999856948853,-0.08800001144409175
844,2020-05-12,1.2200000286102295,0.07017547712211614
845,2020-05-13,1.1299999952316284,-0.07377051743279484
846,2020-05-14,1.0700000524520874,-0.05309729471922886
847,2020-05-15,1.149999976158142,0.07476628017234321
848,2020-05-18,1.2000000476837158,0.04347832396711104
849,2020-05-19,1.2300000190734863,0.02499997516473229
850,2020-05-20,1.2599999904632568,0.024390220263873053
851,2020-05-21,1.2100000381469729,-0.039682502138671305
852,2020-05-22,1.25,0.03305781867105084
853,2020-05-26,1.25,0.0
854,2020-05-27,1.2699999809265137,0.015999984741210893
855,2020-05-28,1.2599999904632568,-0.007874008357040663
856,2020-05-29,1.2913999557495115,0.024920607558663654
857,2020-06-01,1.4600000381469729,0.13055605403022352
858,2020-06-02,1.534999966621399,0.05136981268138574
859,2020-06-03,1.600000023841858,0.04234531507093564
860,2020-06-04,1.649999976158142,0.03124996973201677
861,2020-06-05,1.659999966621399,0.006060600368335001
862,2020-06-08,1.6299999952316284,-0.01807227228493835
863,2020-06-09,1.649999976158142,0.01226992698467555
864,2020-06-10,1.5299999713897705,-0.07272727666807577
865,2020-06-11,1.3000999689102173,-0.15026144233893302
866,2020-06-12,1.340000033378601,0.030689997248311007
867,2020-06-15,1.2899999618530271,-0.03731348528365819
868,2020-06-16,1.2599999904632568,-0.023255792462719693
869,2020-06-17,1.3700000047683716,0.0873015993156252
870,2020-06-18,1.309999942779541,-0.0437956655328442
871,2020-06-19,1.2599999904632568,-0.03816790419867877
872,2020-06-22,1.2000000476837158,-0.04761900256640572
873,2020-06-23,1.2000000476837158,0.0
874,2020-06-24,1.2200000286102295,0.0166666501098216
875,2020-06-25,1.1799999475479126,-0.032786950921536606
876,2020-06-26,1.2000000476837158,0.016949238156632296
877,2020-06-29,1.1299999952316284,-0.058333374725446085
878,2020-06-30,1.1299999952316284,0.0
879,2020-07-01,1.0800000429153442,-0.0442477455993574
880,2020-07-02,1.1344000101089478,0.05037033799253998
881,2020-07-06,1.1399999856948853,0.00493650875884577
882,2020-07-07,1.2265000343322754,0.07587723659896728
883,2020-07-08,1.2000000476837158,-0.02160618500348155
884,2020-07-09,1.2000000476837158,0.0
885,2020-07-10,1.149999976158142,-0.041666724615624595
886,2020-07-13,1.190000057220459,0.03478267990573958
887,2020-07-14,1.1699999570846558,-0.016806806028663912
888,2020-07-15,1.2000000476837158,0.02564110401662978
889,2020-07-16,1.2699999809265137,0.058333275384375494
890,2020-07-17,1.2100000381469729,-0.047244050142243754
891,2020-07-20,1.2799999713897705,0.057851182674338864
892,2020-07-21,1.2182999849319458,-0.04820311549759915
893,2020-07-22,1.2000000476837158,-0.01502087948335007
894,2020-07-23,1.2400000095367432,0.0333333002196432
895,2020-07-24,1.2201000452041626,-0.016048358209299618
896,2020-07-27,1.3899999856948853,0.13925082714204207
897,2020-07-28,1.340000033378601,-0.03597118908694685
898,2020-07-29,1.340000033378601,0.0
899,2020-07-30,1.659999966621399,0.23880591438193322
900,2020-07-31,2.240000009536743,0.3493976232396072
901,2020-08-03,2.3499999046325684,0.04910709581584971
902,2020-08-04,1.919999957084656,-0.1829787085098391
903,2020-08-05,1.870000004768372,-0.026041642413473953
904,2020-08-06,1.649999976158142,-0.11764707382312567
905,2020-08-07,2.509999990463257,0.5212121374132004
906,2020-08-10,2.450000047683716,-0.023904359763948557
907,2020-08-11,2.4200000762939453,-0.012244886043219938
908,2020-08-12,2.400000095367432,-0.0082644546677626
909,2020-08-13,2.390000104904175,-0.004166662527455567
910,2020-08-14,2.4200000762939453,0.0125522887334657
911,2020-08-17,2.3499999046325684,-0.028925689857240422
912,2020-08-18,2.3499999046325684,0.0
913,2020-08-19,2.319999933242798,-0.012765945790308875
914,2020-08-20,2.3499999046325684,0.012931022522848945
915,2020-08-21,2.289999961853028,-0.02553189158061764
916,2020-08-24,2.25,-0.01746723254120075
917,2020-08-25,2.309999942779541,0.026666641235351562
918,2020-08-26,2.319999933242798,0.00432900030777672
919,2020-08-27,2.2699999809265137,-0.021551704204748168
920,2020-08-28,2.3299999237060547,0.026431693076513385
921,2020-08-31,2.3499999046325684,0.008583683082144411
922,2020-09-01,2.3499999046325684,0.0
923,2020-09-02,2.2699999809265137,-0.03404252210749048
924,2020-09-03,2.2699999809265137,0.0
925,2020-09-04,2.25,-0.008810564358837869
926,2020-09-08,2.309999942779541,0.026666641235351562
927,2020-09-09,2.309999942779541,0.0
928,2020-09-10,2.299999952316284,-0.00432900030777672
929,2020-09-11,2.2799999713897705,-0.008695644061371466
930,2020-09-14,2.2699999809265137,-0.004385960784535126
931,2020-09-15,2.2699999809265137,0.0
932,2020-09-16,2.299999952316284,0.013215846538256804
933,2020-09-17,2.369999885559082,0.03043475421480002
934,2020-09-18,2.3299999237060547,-0.016877621850007518
935,2020-09-21,2.240000009536743,-0.038626573869650294
936,2020-09-22,2.259999990463257,0.008928562875609058
937,2020-09-23,2.119999885559082,-0.06194694933404732
938,2020-09-24,2.0899999141693115,-0.014150930664724504
939,2020-09-25,2.130000114440918,0.01913885259057757
940,2020-09-28,2.190000057220459,0.028168985706974903
941,2020-09-29,2.180000066757202,-0.00456620557167875
942,2020-09-30,2.190000057220459,0.0045871514481794495
943,2020-10-01,2.244999885559082,0.025114076210768888
944,2020-10-02,2.240000009536743,-0.0022271163818317063
945,2020-10-05,2.259999990463257,0.008928562875609058
946,2020-10-06,2.190000057220459,-0.030973421919550215
947,2020-10-07,2.2300000190734863,0.018264822286715
948,2020-10-08,2.259999990463257,0.01345290185344239
949,2020-10-09,2.400000095367432,0.06194694933404743
950,2020-10-12,2.384999990463257,-0.006250043461718646
951,2020-10-13,2.400000095367432,0.006289352186228614
952,2020-10-14,2.4142000675201416,0.0059166548285223275
953,2020-10-15,3.4200000762939453,0.4166183334618818
954,2020-10-16,3.509999990463257,0.026315763789935165
955,2020-10-19,3.490000009536743,-0.005698000279445559
956,2020-10-20,3.390000104904175,-0.028653267724730536
957,2020-10-21,3.369999885559082,-0.0058997695357470015
958,2020-10-22,3.3399999141693115,-0.008902068963955956
959,2020-10-23,3.359999895095825,0.005988018395350014
960,2020-10-26,3.299999952316284,-0.017857126384770328
961,2020-10-27,3.299999952316284,0.0
962,2020-10-28,3.309999942779541,0.0030303001841676114
963,2020-10-29,3.3499999046325684,0.012084580829157865
964,2020-10-30,3.390000104904175,0.011940358629948689
965,2020-11-02,3.400000095367432,0.0029498496028925736
966,2020-11-03,3.450000047683716,0.014705867915830284
967,2020-11-04,3.4100000858306885,-0.011594191681209676
968,2020-11-05,3.490000009536743,0.023460387593088994
969,2020-11-06,3.630000114440918,0.04011464312940172
970,2020-11-09,3.650000095367432,0.0055096364451752144
971,2020-11-10,3.7300000190734863,0.021917786744057866
972,2020-11-11,3.7799999713897705,0.013404812884881379
973,2020-11-12,3.630000114440918,-0.039682502138671416
974,2020-11-13,3.640000104904175,0.0027548182225876072
975,2020-11-16,3.690000057220459,0.01373625024046543
976,2020-11-17,3.690000057220459,0.0
977,2020-11-18,3.7200000286102295,0.008130073421291018
978,2020-11-19,3.630000114440918,-0.024193525128260562
979,2020-11-20,3.700000047683716,0.01928372755811303
980,2020-11-23,3.700000047683716,0.0
981,2020-11-24,3.849999904632568,0.04054050135560283
982,2020-11-25,3.809999942779541,-0.010389600738664018
983,2020-11-27,3.839999914169312,0.007874008357040774
984,2020-11-30,3.700000047683716,-0.0364582993788638
985,2020-12-01,3.700000047683716,0.0
986,2020-12-02,3.740000009536743,0.010810800361494177
987,2020-12-03,3.75,0.002673794234694604
988,2020-12-04,3.7699999809265137,0.005333328247070224
989,2020-12-07,3.690000057220459,-0.021220139021431494
990,2020-12-08,3.740000009536743,0.013550122368818363
991,2020-12-09,3.640000104904175,-0.026737942346945265
992,2020-12-10,3.630000114440918,-0.002747250048093064
993,2020-12-11,3.630000114440918,0.0
994,2020-12-14,3.559999942779541,-0.01928379323816032
995,2020-12-15,3.5450000762939453,-0.00421344570974469
996,2020-12-16,3.549999952316284,0.001410402232647101
997,2020-12-17,3.5899999141693115,0.011267595039523348
998,2020-12-18,3.509999990463257,-0.022284101843653037
999,2020-12-21,3.490000009536743,-0.005698000279445559
1000,2020-12-22,3.5799999237060547,0.02578794095225745
1001,2020-12-23,3.539999961853028,-0.011173173940076109
1002,2020-12-24,3.4600000381469727,-0.022598848748060063
1003,2020-12-28,3.670000076293945,0.06069365197447785
1004,2020-12-29,3.700000047683716,0.008174378955344785
1005,2020-12-30,3.7200000286102295,0.005405400180747089
1006,2020-12-31,3.670000076293945,-0.013440847293478164
1007,2021-01-04,3.5199999809265137,-0.04087195974091229
1008,2021-01-05,3.299999952316284,-0.06250000846656889
1009,2021-01-06,3.3299999237060547,0.009090900552502612
1010,2021-01-07,3.3499999046325684,0.006006000415836432
1011,2021-01-08,3.319999933242798,-0.0089552155951661
1012,2021-01-11,3.309999942779541,-0.003012045380823114
1013,2021-01-12,3.259999990463257,-0.015105726036447331
1014,2021-01-13,3.2100000381469727,-0.015337408730844548
1015,2021-01-14,3.289999961853028,0.024922094316309318
1016,2021-01-15,3.240000009536743,-0.015197554071740171
1017,2021-01-19,3.259999990463257,0.006172833601125083
1018,2021-01-20,3.2799999713897705,0.006134963492337775
1019,2021-01-21,3.4600000381469727,0.05487806961197439
1020,2021-01-22,3.450000047683716,-0.0028901706222559387
1021,2021-01-25,3.549999952316284,0.028985479203023967
1022,2021-01-26,3.5799999237060547,0.008450696279642456
1023,2021-01-27,3.460099935531616,-0.0334916175222475
1024,2021-01-28,3.4800000190734863,0.005751303116281914
1025,2021-01-29,3.5,0.0057471209243953325
1026,2021-02-01,3.650000095367432,0.04285717010498069
1027,2021-02-02,3.809999942779541,0.04383557348811595
1028,2021-02-03,4.130000114440918,0.08398954762921185
1029,2021-02-04,4.099999904632568,-0.0072639731179307
1030,2021-02-05,4.0,-0.02439022120941492
1031,2021-02-08,4.179999828338623,0.04499995708465576
1032,2021-02-09,4.099999904632568,-0.01913873851469783
1033,2021-02-10,4.239999771118164,0.03414630969318089
1034,2021-02-11,4.0,-0.056603722658898126
1035,2021-02-12,4.239999771118164,0.059999942779541016
1036,2021-02-16,4.150000095367432,-0.02122633976628685
1037,2021-02-17,4.070000171661377,-0.01927708960666219
1038,2021-02-18,4.019999980926514,-0.01228505863046514
1039,2021-02-19,4.010000228881836,-0.002487500520428565
1040,2021-02-22,4.230000019073486,0.054862787440038696
1041,2021-02-23,3.9700000286102295,-0.06146571850848492
1042,2021-02-24,4.050000190734863,0.020151174193477006
1043,2021-02-25,3.950000047683716,-0.024691392183120553
1044,2021-02-26,3.9800000190734863,0.007594929374080017
1045,2021-03-01,3.930000066757202,-0.01256280202931348
1046,2021-03-02,3.299999952316284,-0.16030536990823918
1047,2021-03-03,3.5,0.06060607593140577
1048,2021-03-04,3.440000057220459,-0.017142840794154623
1049,2021-03-05,3.5999999046325684,0.04651158277636491
1050,2021-03-08,3.5,-0.02777775202268362
1051,2021-03-09,3.4800000190734863,-0.005714280264718208
1052,2021-03-10,3.619999885559082,0.040229846470767994
1053,2021-03-11,3.670000076293945,0.013812207821973566
1054,2021-03-12,3.7300000190734863,0.01634875791068935
1055,2021-03-15,3.7300000190734863,0.0
1056,2021-03-16,3.819999933242798,0.024128663192786615
1057,2021-03-17,3.809999942779541,-0.002617798596338705
1058,2021-03-18,3.690000057220459,-0.03149603342816265
1059,2021-03-19,3.5799999237060547,-0.029810333823480528
1060,2021-03-22,3.7699999809265137,0.05307264281273194
1061,2021-03-23,3.5,-0.07161803243833398
1062,2021-03-24,3.450000047683716,-0.014285700661795464
1063,2021-03-25,3.509999990463257,0.017391287521814514
1064,2021-03-26,3.509999990463257,0.0
1065,2021-03-29,3.5,-0.0028490001397227793
1066,2021-03-30,3.609999895095825,0.03142854145595009
1067,2021-03-31,3.660000085830689,0.013850468750093103
1068,2021-04-01,3.819999933242798,0.04371580427867516
1069,2021-04-05,3.920000076293945,0.026178048376628293
1070,2021-04-06,3.849999904632568,-0.017857186300760608
1071,2021-04-07,3.7799999713897705,-0.018181801292662114
1072,2021-04-08,3.920000076293945,0.037037065069791986
1073,2021-04-09,3.839999914169312,-0.020408204226431303
1074,2021-04-12,3.819999933242798,-0.005208328482694924
1075,2021-04-13,3.700000047683716,-0.03141358315606413
1076,2021-04-14,3.759999990463257,0.016216200542241266
1077,2021-04-15,3.829999923706055,0.018617003569240342
1078,2021-04-16,3.825000047683716,-0.0013054506845788794
1079,2021-04-19,4.170000076293945,0.09019608478675689
1080,2021-04-20,4.199999809265137,0.007194180437007036
1081,2021-04-21,4.309999942779541,0.026190509169011333
1082,2021-04-22,4.449999809265137,0.03248256806131389
1083,2021-04-23,4.420000076293945,-0.00674151331618722
1084,2021-04-26,4.349999904632568,-0.015837142636447754
1085,2021-04-27,4.28000020980835,-0.016091884220427732
1086,2021-04-28,4.070000171661377,-0.049065427068373024
1087,2021-04-29,3.990000009536743,-0.019656058661043696
1088,2021-04-30,4.010000228881836,0.005012586290047416
1089,2021-05-03,4.190000057220459,0.04488773517821332
1090,2021-05-04,5.099999904632568,0.21718373149994186
1091,2021-05-05,5.409999847412109,0.06078430364242826
1092,2021-05-06,5.260000228881836,-0.027726362802399374
1093,2021-05-07,5.420000076293945,0.030418220617857594
1094,2021-05-10,6.199999809265137,0.14391138782133273
1095,2021-05-11,6.519999980926514,0.051612932500929354
1096,2021-05-12,6.050000190734863,-0.07208585760223607
1097,2021-05-13,6.320000171661377,0.04462809461394723
1098,2021-05-14,6.300000190734863,-0.003164553858114205
1099,2021-05-17,6.0,-0.04761907645273733
1100,2021-05-18,6.090000152587891,0.015000025431315178
1101,2021-05-19,5.730000019073486,-0.05911332093504551
1102,2021-05-20,6.360000133514404,0.10994766358531116
1103,2021-05-21,6.75,0.06132073243685454
1104,2021-05-24,6.71999979019165,-0.004444475527162872
1105,2021-05-25,6.289999961853027,-0.06398807169104981
1106,2021-05-26,6.559999942779541,0.04292527544737412
1107,2021-05-27,6.449999809265137,-0.01676831318199612
1108,2021-05-28,6.230000019073486,-0.03410849561198914
1109,2021-06-01,6.179999828338623,-0.008025712773962246
1110,2021-06-02,6.199999809265137,0.00323624295826086
1111,2021-06-03,6.059999942779541,-0.02258062432137231
1112,2021-06-04,5.820000171661377,-0.03960392300071269
1113,2021-06-07,6.0,0.03092780464424627
1114,2021-06-08,6.119999885559082,0.019999980926513672
1115,2021-06-09,6.070000171661377,-0.008169888044554652
1116,2021-06-10,6.099999904632568,0.0049422952426343425
1117,2021-06-11,6.119999885559082,0.00327868544904808
1118,2021-06-14,5.880000114440918,-0.03921564960882995
1119,2021-06-15,6.070000171661377,0.03231293427254034
1120,2021-06-16,5.800000190734863,-0.04448104996554125
1121,2021-06-17,5.659999847412109,-0.024137989434275475
1122,2021-06-18,5.409999847412109,-0.04416961249818874
1123,2021-06-21,5.570000171661377,0.029574922137161286
1124,2021-06-22,5.579999923706055,0.0017952875649005495
1125,2021-06-23,5.550000190734863,-0.005376296304905104
1126,2021-06-24,5.739999771118164,0.03423415745110869
1127,2021-06-25,5.75,0.00174220022310001
1128,2021-06-28,5.690000057220459,-0.01043477265731152
1129,2021-06-29,5.820000171661377,0.022847120058628434
1130,2021-06-30,5.78000020980835,-0.006872845476499134
1131,2021-07-01,5.710000038146973,-0.012110755903190218
1132,2021-07-02,5.570000171661377,-0.02451836524523543
1133,2021-07-06,5.480000019073486,-0.01615801612462897
1134,2021-07-07,5.380000114440918,-0.018248157716151847
1135,2021-07-08,5.21999979019165,-0.02973983658844115
1136,2021-07-09,5.429999828338623,0.04022989398228738
1137,2021-07-12,5.670000076293945,0.04419894208887176
1138,2021-07-13,5.449999809265137,-0.03880075204030797
1139,2021-07-14,5.389999866485596,-0.011009164198049981
1140,2021-07-15,5.28000020980835,-0.020408100074586488
1141,2021-07-16,5.010000228881836,-0.05113635799198457
1142,2021-07-19,5.059999942779541,0.009979982357977812
1143,2021-07-20,5.179999828338623,0.023715392671163515
1144,2021-07-21,5.28000020980835,0.019305093587580258
1145,2021-07-22,5.21999979019165,-0.01136371538494263
1146,2021-07-23,5.210000038146973,-0.0019156613882373996
1147,2021-07-26,5.510000228881836,0.05758161008412643
1148,2021-07-27,5.460000038146973,-0.009074444402520476
1149,2021-07-28,5.829999923706055,0.06776554633224019
1150,2021-07-29,6.340000152587891,0.08747859958077586
1151,2021-07-30,6.230000019073486,-0.01735017837018571
1152,2021-08-02,6.260000228881836,0.004815442972151196
1153,2021-08-03,6.110000133514404,-0.023961675700166052
1154,2021-08-04,5.909999847412109,-0.03273327033255835
1155,2021-08-05,5.949999809265137,0.006768183229402647
1156,2021-08-06,6.150000095367432,0.0336134945400941
1157,2021-08-09,6.289999961853027,0.022764205579614893
1158,2021-08-10,6.320000171661377,0.004769508742494821
1159,2021-08-11,6.210000038146973,-0.01740508394408602
1160,2021-08-12,6.289999961853027,0.01288243530026234
1161,2021-08-13,6.059999942779541,-0.03656598099656083
1162,2021-08-16,6.090000152587891,0.0049505297180894026
1163,2021-08-17,5.880000114440918,-0.03448276402057804
1164,2021-08-18,5.869999885559082,-0.0017007191644904385
1165,2021-08-19,5.550000190734863,-0.05451442948260654
1166,2021-08-20,5.579999923706055,0.005405357106342601
1167,2021-08-23,5.71999979019165,0.025089582150497947
1168,2021-08-24,5.820000171661377,0.01748258481428655
1169,2021-08-25,5.539999961853027,-0.04811000026627499
1170,2021-08-26,5.610000133514404,0.012635410134184122
1171,2021-08-27,5.75,0.024955412326860715
1172,2021-08-30,5.78000020980835,0.005217427792756357
1173,2021-08-31,5.860000133514404,0.013840816747774376
1174,2021-09-01,6.119999885559082,0.044368557358504424
1175,2021-09-02,6.199999809265137,0.01307188320294328
1176,2021-09-03,6.179999828338623,-0.0032258034744817587
1177,2021-09-07,6.210000038146973,0.004854403016450348
1178,2021-09-08,6.059999942779541,-0.02415460458067742
1179,2021-09-09,5.900000095367432,-0.026402615333808388
1180,2021-09-10,5.829999923706055,-0.011864435683033303
1181,2021-09-13,5.699999809265137,-0.022298476182188165
1182,2021-09-14,5.809999942779541,0.019298269683378333
1183,2021-09-15,5.809999942779541,0.0
1184,2021-09-16,5.710000038146973,-0.017211687713843182
1185,2021-09-17,5.400000095367432,-0.054290707654731096
1186,2021-09-20,5.300000190734863,-0.018518500530834592
1187,2021-09-21,5.159999847412109,-0.02641515816687967
1188,2021-09-22,5.429999828338623,0.052325579246272014
1189,2021-09-23,5.420000076293945,-0.00184157502040605
1190,2021-09-24,5.329999923706055,-0.016605193970666954
1191,2021-09-27,5.300000190734863,-0.005628467804992376
1192,2021-09-28,5.21999979019165,-0.01509441465361916
1193,2021-09-29,5.269999980926514,0.009578580985541985
1194,2021-09-30,5.329999923706055,0.01138518842442049
1195,2021-10-01,5.179999828338623,-0.028142607413610188
1196,2021-10-04,5.190000057220459,0.0019305461801615298
1197,2021-10-05,5.150000095367432,-0.00770712165934917
1198,2021-10-06,5.179999828338623,0.005825190760321952
1199,2021-10-07,5.369999885559082,0.036679548941490614
1200,2021-10-08,5.224999904632568,-0.0270018592209742
1201,2021-10-11,5.150000095367432,-0.014354030743357615
1202,2021-10-12,5.150000095367432,0.0
1203,2021-10-13,5.210000038146973,0.011650474110381559
1204,2021-10-14,6.260000228881836,0.2015355437709967
1205,2021-10-15,6.610000133514404,0.055910525852342685
1206,2021-10-18,6.980000019073486,0.05597577580718749
1207,2021-10-19,7.389999866485596,0.05873923299308692
1208,2021-10-20,7.019999980926514,-0.05006764441729816
1209,2021-10-21,6.960000038146973,-0.008547000419168338
1210,2021-10-22,7.070000171661377,0.015804616797630233
1211,2021-10-25,7.389999866485596,0.045261624760190466
1212,2021-10-26,7.360000133514404,-0.004059503858348301
1213,2021-10-27,7.400000095367432,0.005434777327093299
1214,2021-10-28,7.409999847412109,0.0013513178264603631
1215,2021-10-29,7.150000095367432,-0.035087686558520126
1216,2021-11-01,7.010000228881836,-0.019580400645910934
1217,2021-11-02,7.010000228881836,0.0
1218,2021-11-03,6.869999885559082,-0.019971517653585735
1219,2021-11-04,7.739999771118164,0.12663754003662286
1220,2021-11-05,8.100000381469727,0.046511708139179264
1221,2021-11-08,8.0600004196167,-0.004938266662867674
1222,2021-11-09,8.350000381469727,0.03598014227731494
1223,2021-11-10,8.229999542236328,-0.014371357335468349
1224,2021-11-11,8.680000305175781,0.05467810303391274
1225,2021-11-12,8.970000267028809,0.033410132679385196
1226,2021-11-15,9.399999618530272,0.04793749595326324
1227,2021-11-16,9.289999961853027,-0.01170209161076996
1228,2021-11-17,8.800000190734863,-0.052744862554383265
1229,2021-11-18,8.90999984741211,0.012499960715121272
1230,2021-11-19,8.5600004196167,-0.039281642400596284
1231,2021-11-22,8.5,-0.007009394471429897
1232,2021-11-23,8.649999618530273,0.017647013944738
1233,2021-11-24,9.0,0.04046247363062827
1234,2021-11-26,9.130000114440918,0.014444457160101898
1235,2021-11-29,8.90999984741211,-0.024096414487534856
1236,2021-11-30,8.6899995803833,-0.024691388417106164
1237,2021-12-01,8.760000228881836,0.008055310918144709
1238,2021-12-02,8.550000190734863,-0.023972606468045443
1239,2021-12-03,8.5,-0.005847975394087768
1240,2021-12-06,8.65999984741211,0.018823511460248188
1241,2021-12-07,9.0600004196167,0.04618944333170205
1242,2021-12-08,9.050000190734863,-0.001103777971155906
1243,2021-12-09,9.5,0.04972373478244063
1244,2021-12-10,9.380000114440918,-0.012631566900956015
1245,2021-12-13,9.34000015258789,-0.004264388205224567
1246,2021-12-14,9.239999771118164,-0.01070667878329945
1247,2021-12-15,9.390000343322754,0.016233828562794095
1248,2021-12-16,9.640000343322754,0.026624067184169542
1249,2021-12-17,9.579999923706056,-0.006224109697076652
1250,2021-12-20,9.18000030517578,-0.04175361395781052
1251,2021-12-21,9.649999618530272,0.051198180580615205
1252,2021-12-22,9.93000030517578,0.02901561634342875
1253,2021-12-23,10.199999809265137,0.027190281550004247
1254,2021-12-27,10.380000114440918,0.017647089072715394
1255,2021-12-28,10.460000038146973,0.00770712165934917
1256,2021-12-29,10.300000190734863,-0.015296352469273411
1257,2021-12-30,10.699999809265137,0.03883491370127201
1258,2021-12-31,11.06999969482422,0.034579429173325904
1259,2021-08-20,5.579999923706055,-0.4959349523455737
1260,2021-08-23,5.71999979019165,0.025089582150497947
1261,2021-08-24,5.820000171661377,0.01748258481428655
1262,2021-08-25,5.539999961853027,-0.04811000026627499
1263,2021-08-26,5.610000133514404,0.012635410134184122
1264,2021-08-27,5.75,0.024955412326860715
1265,2021-08-30,5.78000020980835,0.005217427792756357
1266,2021-08-31,5.860000133514404,0.013840816747774376
1267,2021-09-01,6.119999885559082,0.044368557358504424
1268,2021-09-02,6.199999809265137,0.01307188320294328
1269,2021-09-03,6.179999828338623,-0.0032258034744817587
1270,2021-09-07,6.210000038146973,0.004854403016450348
1271,2021-09-08,6.059999942779541,-0.02415460458067742
1272,2021-09-09,5.900000095367432,-0.026402615333808388
1273,2021-09-10,5.829999923706055,-0.011864435683033303
1274,2021-08-20,5.579999923706055,-0.04288164721639964
1275,2021-08-23,5.71999979019165,0.025089582150497947
1276,2021-08-24,5.820000171661377,0.01748258481428655
1277,2021-08-25,5.539999961853027,-0.04811000026627499
1278,2021-08-26,5.610000133514404,0.012635410134184122
1279,2021-08-27,5.75,0.024955412326860715
1280,2021-08-30,5.78000020980835,0.005217427792756357
1281,2021-08-31,5.860000133514404,0.013840816747774376
1282,2021-09-01,6.119999885559082,0.044368557358504424
1283,2021-09-02,6.199999809265137,0.01307188320294328
1284,2021-09-03,6.179999828338623,-0.0032258034744817587
1285,2021-09-07,6.210000038146973,0.004854403016450348
1286,2021-09-08,6.059999942779541,-0.02415460458067742
1287,2021-09-09,5.900000095367432,-0.026402615333808388
1288,2021-09-10,5.829999923706055,-0.011864435683033303
